date,item_code,quantity_sold
2025-08-12,ITM001,27
2025-08-13,ITM001,25
2025-08-14,ITM001,26
2025-08-15,ITM001,25
2025-08-16,ITM001,25
2025-08-17,ITM001,37
2025-08-18,ITM001,32
2025-08-19,ITM001,35
2025-08-20,ITM001,29
2025-08-21,ITM001,25
2025-08-22,ITM001,28
2025-08-23,ITM001,28
2025-08-24,ITM001,27
2025-08-25,ITM001,29
2025-08-26,ITM001,31
2025-08-27,ITM001,24
2025-08-28,ITM001,36
2025-08-29,ITM001,31
2025-08-30,ITM001,25
2025-08-31,ITM001,40
2025-09-01,ITM001,22
2025-09-02,ITM001,38
2025-09-03,ITM001,29
2025-09-04,ITM001,30
2025-09-05,ITM001,31
2025-09-06,ITM001,29
2025-09-07,ITM001,42
2025-09-08,ITM001,31
2025-09-09,ITM001,32
2025-09-10,ITM001,22
2025-09-11,ITM001,32
2025-09-12,ITM001,38
2025-09-13,ITM001,26
2025-09-14,ITM001,32
2025-09-15,ITM001,29
2025-09-16,ITM001,27
2025-09-17,ITM001,25
2025-09-18,ITM001,32
2025-09-19,ITM001,27
2025-09-20,ITM001,34
2025-09-21,ITM001,32
2025-09-22,ITM001,28
2025-09-23,ITM001,42
2025-09-24,ITM001,33
2025-09-25,ITM001,26
2025-09-26,ITM001,29
2025-09-27,ITM001,33
2025-09-28,ITM001,33
2025-09-29,ITM001,34
2025-09-30,ITM001,28
2025-10-01,ITM001,27
2025-10-02,ITM001,40
2025-10-03,ITM001,28
2025-10-04,ITM001,24
2025-10-05,ITM001,30
2025-10-06,ITM001,26
2025-10-07,ITM001,29
2025-10-08,ITM001,27
2025-10-09,ITM001,22
2025-10-10,ITM001,31
2025-10-11,ITM001,23
2025-10-12,ITM001,26
2025-10-13,ITM001,25
2025-10-14,ITM001,30
2025-10-15,ITM001,18
2025-10-16,ITM001,27
2025-10-17,ITM001,28
2025-10-18,ITM001,28
2025-10-19,ITM001,28
2025-10-20,ITM001,26
2025-10-21,ITM001,28
2025-10-22,ITM001,25
2025-10-23,ITM001,32
2025-10-24,ITM001,34
2025-10-25,ITM001,30
2025-10-26,ITM001,28
2025-10-27,ITM001,33
2025-10-28,ITM001,30
2025-10-29,ITM001,32
2025-10-30,ITM001,24
2025-10-31,ITM001,23
2025-11-01,ITM001,21
2025-11-02,ITM001,30
2025-11-03,ITM001,34
2025-11-04,ITM001,32
2025-11-05,ITM001,25
2025-11-06,ITM001,28
2025-11-07,ITM001,28
2025-11-08,ITM001,29
2025-11-09,ITM001,31
2025-11-10,ITM001,27
2025-11-11,ITM001,22
2025-11-12,ITM001,28
2025-11-13,ITM001,24
2025-11-14,ITM001,28
2025-11-15,ITM001,36
2025-11-16,ITM001,34
2025-11-17,ITM001,33
2025-11-18,ITM001,30
2025-11-19,ITM001,27
2025-11-20,ITM001,33
2025-11-21,ITM001,37
2025-11-22,ITM001,30
2025-11-23,ITM001,32
2025-11-24,ITM001,32
2025-11-25,ITM001,29
2025-11-26,ITM001,24
2025-11-27,ITM001,32
2025-11-28,ITM001,28
2025-11-29,ITM001,30
2025-11-30,ITM001,29
2025-12-01,ITM001,30
2025-12-02,ITM001,33
2025-12-03,ITM001,23
2025-12-04,ITM001,27
2025-12-05,ITM001,25
2025-12-06,ITM001,29
2025-12-07,ITM001,23
2025-12-08,ITM001,32
2025-12-09,ITM001,22
2025-12-10,ITM001,31
2025-12-11,ITM001,29
2025-12-12,ITM001,22
2025-12-13,ITM001,29
2025-12-14,ITM001,28
2025-12-15,ITM001,29
2025-12-16,ITM001,26
2025-12-17,ITM001,27
2025-12-18,ITM001,34
2025-12-19,ITM001,19
2025-12-20,ITM001,34
2025-12-21,ITM001,22
2025-12-22,ITM001,30
2025-12-23,ITM001,30
2025-12-24,ITM001,31
2025-12-25,ITM001,26
2025-12-26,ITM001,25
2025-12-27,ITM001,33
2025-12-28,ITM001,30
2025-12-29,ITM001,25
2025-12-30,ITM001,26
2025-12-31,ITM001,28
2026-01-01,ITM001,22
2026-01-02,ITM001,26
2026-01-03,ITM001,27
2026-01-04,ITM001,33
2026-01-05,ITM001,28
2026-01-06,ITM001,26
2026-01-07,ITM001,38
2026-01-08,ITM001,29
2026-01-09,ITM001,29
2026-01-10,ITM001,32
2026-01-11,ITM001,21
2026-01-12,ITM001,21
2026-01-13,ITM001,36
2026-01-14,ITM001,25
2026-01-15,ITM001,34
2026-01-16,ITM001,34
2026-01-17,ITM001,27
2026-01-18,ITM001,29
2026-01-19,ITM001,26
2026-01-20,ITM001,29
2026-01-21,ITM001,28
2026-01-22,ITM001,33
2026-01-23,ITM001,33
2026-01-24,ITM001,27
2026-01-25,ITM001,26
2026-01-26,ITM001,27
2026-01-27,ITM001,28
2026-01-28,ITM001,33
2026-01-29,ITM001,30
2026-01-30,ITM001,32
2026-01-31,ITM001,31
2026-02-01,ITM001,28
2026-02-02,ITM001,28
2026-02-03,ITM001,30
2026-02-04,ITM001,21
2026-02-05,ITM001,26
2026-02-06,ITM001,27
2026-02-07,ITM001,28
2025-08-12,ITM002,44
2025-08-13,ITM002,44
2025-08-14,ITM002,53
2025-08-15,ITM002,46
2025-08-16,ITM002,57
2025-08-17,ITM002,44
2025-08-18,ITM002,45
2025-08-19,ITM002,64
2025-08-20,ITM002,43
2025-08-21,ITM002,57
2025-08-22,ITM002,49
2025-08-23,ITM002,48
2025-08-24,ITM002,45
2025-08-25,ITM002,48
2025-08-26,ITM002,50
2025-08-27,ITM002,49
2025-08-28,ITM002,58
2025-08-29,ITM002,67
2025-08-30,ITM002,58
2025-08-31,ITM002,56
2025-09-01,ITM002,62
2025-09-02,ITM002,61
2025-09-03,ITM002,56
2025-09-04,ITM002,43
2025-09-05,ITM002,27
2025-09-06,ITM002,49
2025-09-07,ITM002,49
2025-09-08,ITM002,54
2025-09-09,ITM002,44
2025-09-10,ITM002,58
2025-09-11,ITM002,49
2025-09-12,ITM002,57
2025-09-13,ITM002,30
2025-09-14,ITM002,40
2025-09-15,ITM002,57
2025-09-16,ITM002,51
2025-09-17,ITM002,57
2025-09-18,ITM002,64
2025-09-19,ITM002,56
2025-09-20,ITM002,58
2025-09-21,ITM002,39
2025-09-22,ITM002,47
2025-09-23,ITM002,47
2025-09-24,ITM002,54
2025-09-25,ITM002,48
2025-09-26,ITM002,53
2025-09-27,ITM002,58
2025-09-28,ITM002,54
2025-09-29,ITM002,49
2025-09-30,ITM002,60
2025-10-01,ITM002,61
2025-10-02,ITM002,45
2025-10-03,ITM002,37
2025-10-04,ITM002,42
2025-10-05,ITM002,56
2025-10-06,ITM002,54
2025-10-07,ITM002,50
2025-10-08,ITM002,51
2025-10-09,ITM002,46
2025-10-10,ITM002,46
2025-10-11,ITM002,59
2025-10-12,ITM002,57
2025-10-13,ITM002,63
2025-10-14,ITM002,49
2025-10-15,ITM002,50
2025-10-16,ITM002,48
2025-10-17,ITM002,61
2025-10-18,ITM002,46
2025-10-19,ITM002,56
2025-10-20,ITM002,54
2025-10-21,ITM002,59
2025-10-22,ITM002,54
2025-10-23,ITM002,51
2025-10-24,ITM002,49
2025-10-25,ITM002,55
2025-10-26,ITM002,57
2025-10-27,ITM002,44
2025-10-28,ITM002,53
2025-10-29,ITM002,49
2025-10-30,ITM002,53
2025-10-31,ITM002,55
2025-11-01,ITM002,52
2025-11-02,ITM002,62
2025-11-03,ITM002,54
2025-11-04,ITM002,49
2025-11-05,ITM002,45
2025-11-06,ITM002,50
2025-11-07,ITM002,54
2025-11-08,ITM002,57
2025-11-09,ITM002,53
2025-11-10,ITM002,59
2025-11-11,ITM002,62
2025-11-12,ITM002,38
2025-11-13,ITM002,54
2025-11-14,ITM002,45
2025-11-15,ITM002,59
2025-11-16,ITM002,44
2025-11-17,ITM002,55
2025-11-18,ITM002,49
2025-11-19,ITM002,43
2025-11-20,ITM002,47
2025-11-21,ITM002,56
2025-11-22,ITM002,47
2025-11-23,ITM002,44
2025-11-24,ITM002,53
2025-11-25,ITM002,50
2025-11-26,ITM002,51
2025-11-27,ITM002,36
2025-11-28,ITM002,66
2025-11-29,ITM002,47
2025-11-30,ITM002,45
2025-12-01,ITM002,34
2025-12-02,ITM002,48
2025-12-03,ITM002,51
2025-12-04,ITM002,55
2025-12-05,ITM002,45
2025-12-06,ITM002,39
2025-12-07,ITM002,44
2025-12-08,ITM002,43
2025-12-09,ITM002,48
2025-12-10,ITM002,57
2025-12-11,ITM002,40
2025-12-12,ITM002,60
2025-12-13,ITM002,47
2025-12-14,ITM002,58
2025-12-15,ITM002,40
2025-12-16,ITM002,61
2025-12-17,ITM002,26
2025-12-18,ITM002,57
2025-12-19,ITM002,41
2025-12-20,ITM002,40
2025-12-21,ITM002,49
2025-12-22,ITM002,35
2025-12-23,ITM002,39
2025-12-24,ITM002,36
2025-12-25,ITM002,51
2025-12-26,ITM002,39
2025-12-27,ITM002,51
2025-12-28,ITM002,48
2025-12-29,ITM002,53
2025-12-30,ITM002,61
2025-12-31,ITM002,49
2026-01-01,ITM002,42
2026-01-02,ITM002,50
2026-01-03,ITM002,48
2026-01-04,ITM002,61
2026-01-05,ITM002,49
2026-01-06,ITM002,48
2026-01-07,ITM002,46
2026-01-08,ITM002,46
2026-01-09,ITM002,46
2026-01-10,ITM002,55
2026-01-11,ITM002,52
2026-01-12,ITM002,53
2026-01-13,ITM002,52
2026-01-14,ITM002,51
2026-01-15,ITM002,63
2026-01-16,ITM002,48
2026-01-17,ITM002,61
2026-01-18,ITM002,56
2026-01-19,ITM002,48
2026-01-20,ITM002,49
2026-01-21,ITM002,51
2026-01-22,ITM002,63
2026-01-23,ITM002,59
2026-01-24,ITM002,37
2026-01-25,ITM002,43
2026-01-26,ITM002,50
2026-01-27,ITM002,47
2026-01-28,ITM002,51
2026-01-29,ITM002,50
2026-01-30,ITM002,55
2026-01-31,ITM002,52
2026-02-01,ITM002,59
2026-02-02,ITM002,54
2026-02-03,ITM002,45
2026-02-04,ITM002,61
2026-02-05,ITM002,55
2026-02-06,ITM002,47
2026-02-07,ITM002,70
2025-08-12,ITM003,39
2025-08-13,ITM003,60
2025-08-14,ITM003,56
2025-08-15,ITM003,49
2025-08-16,ITM003,38
2025-08-17,ITM003,61
2025-08-18,ITM003,47
2025-08-19,ITM003,40
2025-08-20,ITM003,58
2025-08-21,ITM003,57
2025-08-22,ITM003,46
2025-08-23,ITM003,44
2025-08-24,ITM003,52
2025-08-25,ITM003,70
2025-08-26,ITM003,47
2025-08-27,ITM003,48
2025-08-28,ITM003,48
2025-08-29,ITM003,40
2025-08-30,ITM003,52
2025-08-31,ITM003,41
2025-09-01,ITM003,51
2025-09-02,ITM003,46
2025-09-03,ITM003,54
2025-09-04,ITM003,49
2025-09-05,ITM003,47
2025-09-06,ITM003,54
2025-09-07,ITM003,53
2025-09-08,ITM003,50
2025-09-09,ITM003,59
2025-09-10,ITM003,46
2025-09-11,ITM003,29
2025-09-12,ITM003,58
2025-09-13,ITM003,47
2025-09-14,ITM003,63
2025-09-15,ITM003,42
2025-09-16,ITM003,46
2025-09-17,ITM003,55
2025-09-18,ITM003,58
2025-09-19,ITM003,46
2025-09-20,ITM003,41
2025-09-21,ITM003,58
2025-09-22,ITM003,41
2025-09-23,ITM003,43
2025-09-24,ITM003,47
2025-09-25,ITM003,54
2025-09-26,ITM003,48
2025-09-27,ITM003,36
2025-09-28,ITM003,43
2025-09-29,ITM003,56
2025-09-30,ITM003,46
2025-10-01,ITM003,53
2025-10-02,ITM003,36
2025-10-03,ITM003,33
2025-10-04,ITM003,48
2025-10-05,ITM003,51
2025-10-06,ITM003,58
2025-10-07,ITM003,50
2025-10-08,ITM003,44
2025-10-09,ITM003,52
2025-10-10,ITM003,45
2025-10-11,ITM003,46
2025-10-12,ITM003,38
2025-10-13,ITM003,49
2025-10-14,ITM003,49
2025-10-15,ITM003,47
2025-10-16,ITM003,46
2025-10-17,ITM003,58
2025-10-18,ITM003,46
2025-10-19,ITM003,47
2025-10-20,ITM003,54
2025-10-21,ITM003,48
2025-10-22,ITM003,44
2025-10-23,ITM003,62
2025-10-24,ITM003,55
2025-10-25,ITM003,53
2025-10-26,ITM003,52
2025-10-27,ITM003,38
2025-10-28,ITM003,50
2025-10-29,ITM003,49
2025-10-30,ITM003,48
2025-10-31,ITM003,46
2025-11-01,ITM003,57
2025-11-02,ITM003,42
2025-11-03,ITM003,48
2025-11-04,ITM003,32
2025-11-05,ITM003,44
2025-11-06,ITM003,47
2025-11-07,ITM003,40
2025-11-08,ITM003,37
2025-11-09,ITM003,37
2025-11-10,ITM003,44
2025-11-11,ITM003,48
2025-11-12,ITM003,46
2025-11-13,ITM003,56
2025-11-14,ITM003,51
2025-11-15,ITM003,51
2025-11-16,ITM003,52
2025-11-17,ITM003,32
2025-11-18,ITM003,37
2025-11-19,ITM003,53
2025-11-20,ITM003,53
2025-11-21,ITM003,45
2025-11-22,ITM003,51
2025-11-23,ITM003,54
2025-11-24,ITM003,48
2025-11-25,ITM003,51
2025-11-26,ITM003,53
2025-11-27,ITM003,58
2025-11-28,ITM003,53
2025-11-29,ITM003,48
2025-11-30,ITM003,47
2025-12-01,ITM003,39
2025-12-02,ITM003,50
2025-12-03,ITM003,46
2025-12-04,ITM003,48
2025-12-05,ITM003,53
2025-12-06,ITM003,50
2025-12-07,ITM003,46
2025-12-08,ITM003,57
2025-12-09,ITM003,55
2025-12-10,ITM003,37
2025-12-11,ITM003,52
2025-12-12,ITM003,45
2025-12-13,ITM003,59
2025-12-14,ITM003,55
2025-12-15,ITM003,52
2025-12-16,ITM003,53
2025-12-17,ITM003,62
2025-12-18,ITM003,45
2025-12-19,ITM003,45
2025-12-20,ITM003,44
2025-12-21,ITM003,42
2025-12-22,ITM003,50
2025-12-23,ITM003,56
2025-12-24,ITM003,42
2025-12-25,ITM003,60
2025-12-26,ITM003,54
2025-12-27,ITM003,50
2025-12-28,ITM003,48
2025-12-29,ITM003,57
2025-12-30,ITM003,54
2025-12-31,ITM003,40
2026-01-01,ITM003,58
2026-01-02,ITM003,43
2026-01-03,ITM003,59
2026-01-04,ITM003,59
2026-01-05,ITM003,48
2026-01-06,ITM003,46
2026-01-07,ITM003,45
2026-01-08,ITM003,54
2026-01-09,ITM003,53
2026-01-10,ITM003,30
2026-01-11,ITM003,54
2026-01-12,ITM003,38
2026-01-13,ITM003,55
2026-01-14,ITM003,53
2026-01-15,ITM003,63
2026-01-16,ITM003,50
2026-01-17,ITM003,32
2026-01-18,ITM003,42
2026-01-19,ITM003,52
2026-01-20,ITM003,60
2026-01-21,ITM003,56
2026-01-22,ITM003,51
2026-01-23,ITM003,52
2026-01-24,ITM003,55
2026-01-25,ITM003,47
2026-01-26,ITM003,56
2026-01-27,ITM003,56
2026-01-28,ITM003,35
2026-01-29,ITM003,56
2026-01-30,ITM003,52
2026-01-31,ITM003,52
2026-02-01,ITM003,40
2026-02-02,ITM003,55
2026-02-03,ITM003,55
2026-02-04,ITM003,42
2026-02-05,ITM003,38
2026-02-06,ITM003,45
2026-02-07,ITM003,52
2025-08-12,ITM004,84
2025-08-13,ITM004,100
2025-08-14,ITM004,124
2025-08-15,ITM004,78
2025-08-16,ITM004,121
2025-08-17,ITM004,112
2025-08-18,ITM004,96
2025-08-19,ITM004,109
2025-08-20,ITM004,104
2025-08-21,ITM004,80
2025-08-22,ITM004,93
2025-08-23,ITM004,98
2025-08-24,ITM004,104
2025-08-25,ITM004,91
2025-08-26,ITM004,102
2025-08-27,ITM004,97
2025-08-28,ITM004,89
2025-08-29,ITM004,91
2025-08-30,ITM004,118
2025-08-31,ITM004,82
2025-09-01,ITM004,100
2025-09-02,ITM004,82
2025-09-03,ITM004,104
2025-09-04,ITM004,94
2025-09-05,ITM004,96
2025-09-06,ITM004,131
2025-09-07,ITM004,99
2025-09-08,ITM004,88
2025-09-09,ITM004,85
2025-09-10,ITM004,87
2025-09-11,ITM004,130
2025-09-12,ITM004,86
2025-09-13,ITM004,113
2025-09-14,ITM004,104
2025-09-15,ITM004,79
2025-09-16,ITM004,117
2025-09-17,ITM004,102
2025-09-18,ITM004,85
2025-09-19,ITM004,124
2025-09-20,ITM004,72
2025-09-21,ITM004,68
2025-09-22,ITM004,96
2025-09-23,ITM004,105
2025-09-24,ITM004,81
2025-09-25,ITM004,91
2025-09-26,ITM004,97
2025-09-27,ITM004,85
2025-09-28,ITM004,93
2025-09-29,ITM004,107
2025-09-30,ITM004,84
2025-10-01,ITM004,100
2025-10-02,ITM004,96
2025-10-03,ITM004,103
2025-10-04,ITM004,115
2025-10-05,ITM004,116
2025-10-06,ITM004,135
2025-10-07,ITM004,108
2025-10-08,ITM004,94
2025-10-09,ITM004,105
2025-10-10,ITM004,115
2025-10-11,ITM004,98
2025-10-12,ITM004,139
2025-10-13,ITM004,122
2025-10-14,ITM004,69
2025-10-15,ITM004,111
2025-10-16,ITM004,70
2025-10-17,ITM004,119
2025-10-18,ITM004,89
2025-10-19,ITM004,99
2025-10-20,ITM004,104
2025-10-21,ITM004,74
2025-10-22,ITM004,95
2025-10-23,ITM004,106
2025-10-24,ITM004,118
2025-10-25,ITM004,113
2025-10-26,ITM004,101
2025-10-27,ITM004,102
2025-10-28,ITM004,81
2025-10-29,ITM004,97
2025-10-30,ITM004,101
2025-10-31,ITM004,104
2025-11-01,ITM004,97
2025-11-02,ITM004,85
2025-11-03,ITM004,127
2025-11-04,ITM004,79
2025-11-05,ITM004,132
2025-11-06,ITM004,97
2025-11-07,ITM004,123
2025-11-08,ITM004,110
2025-11-09,ITM004,103
2025-11-10,ITM004,104
2025-11-11,ITM004,84
2025-11-12,ITM004,99
2025-11-13,ITM004,111
2025-11-14,ITM004,95
2025-11-15,ITM004,65
2025-11-16,ITM004,115
2025-11-17,ITM004,102
2025-11-18,ITM004,112
2025-11-19,ITM004,87
2025-11-20,ITM004,116
2025-11-21,ITM004,79
2025-11-22,ITM004,118
2025-11-23,ITM004,83
2025-11-24,ITM004,85
2025-11-25,ITM004,82
2025-11-26,ITM004,81
2025-11-27,ITM004,117
2025-11-28,ITM004,104
2025-11-29,ITM004,103
2025-11-30,ITM004,109
2025-12-01,ITM004,100
2025-12-02,ITM004,91
2025-12-03,ITM004,104
2025-12-04,ITM004,88
2025-12-05,ITM004,91
2025-12-06,ITM004,107
2025-12-07,ITM004,114
2025-12-08,ITM004,90
2025-12-09,ITM004,98
2025-12-10,ITM004,124
2025-12-11,ITM004,118
2025-12-12,ITM004,115
2025-12-13,ITM004,108
2025-12-14,ITM004,119
2025-12-15,ITM004,81
2025-12-16,ITM004,85
2025-12-17,ITM004,133
2025-12-18,ITM004,92
2025-12-19,ITM004,86
2025-12-20,ITM004,103
2025-12-21,ITM004,96
2025-12-22,ITM004,115
2025-12-23,ITM004,111
2025-12-24,ITM004,104
2025-12-25,ITM004,96
2025-12-26,ITM004,100
2025-12-27,ITM004,97
2025-12-28,ITM004,81
2025-12-29,ITM004,93
2025-12-30,ITM004,109
2025-12-31,ITM004,83
2026-01-01,ITM004,95
2026-01-02,ITM004,95
2026-01-03,ITM004,85
2026-01-04,ITM004,74
2026-01-05,ITM004,98
2026-01-06,ITM004,103
2026-01-07,ITM004,94
2026-01-08,ITM004,92
2026-01-09,ITM004,94
2026-01-10,ITM004,96
2026-01-11,ITM004,98
2026-01-12,ITM004,97
2026-01-13,ITM004,88
2026-01-14,ITM004,113
2026-01-15,ITM004,106
2026-01-16,ITM004,94
2026-01-17,ITM004,91
2026-01-18,ITM004,94
2026-01-19,ITM004,106
2026-01-20,ITM004,91
2026-01-21,ITM004,94
2026-01-22,ITM004,111
2026-01-23,ITM004,75
2026-01-24,ITM004,98
2026-01-25,ITM004,105
2026-01-26,ITM004,80
2026-01-27,ITM004,91
2026-01-28,ITM004,72
2026-01-29,ITM004,106
2026-01-30,ITM004,117
2026-01-31,ITM004,106
2026-02-01,ITM004,112
2026-02-02,ITM004,99
2026-02-03,ITM004,100
2026-02-04,ITM004,116
2026-02-05,ITM004,106
2026-02-06,ITM004,101
2026-02-07,ITM004,110
2025-08-12,ITM005,32
2025-08-13,ITM005,27
2025-08-14,ITM005,30
2025-08-15,ITM005,33
2025-08-16,ITM005,33
2025-08-17,ITM005,28
2025-08-18,ITM005,31
2025-08-19,ITM005,24
2025-08-20,ITM005,41
2025-08-21,ITM005,27
2025-08-22,ITM005,26
2025-08-23,ITM005,22
2025-08-24,ITM005,24
2025-08-25,ITM005,36
2025-08-26,ITM005,29
2025-08-27,ITM005,34
2025-08-28,ITM005,26
2025-08-29,ITM005,26
2025-08-30,ITM005,29
2025-08-31,ITM005,28
2025-09-01,ITM005,21
2025-09-02,ITM005,36
2025-09-03,ITM005,31
2025-09-04,ITM005,22
2025-09-05,ITM005,19
2025-09-06,ITM005,30
2025-09-07,ITM005,36
2025-09-08,ITM005,26
2025-09-09,ITM005,27
2025-09-10,ITM005,36
2025-09-11,ITM005,27
2025-09-12,ITM005,28
2025-09-13,ITM005,28
2025-09-14,ITM005,29
2025-09-15,ITM005,32
2025-09-16,ITM005,27
2025-09-17,ITM005,37
2025-09-18,ITM005,32
2025-09-19,ITM005,32
2025-09-20,ITM005,40
2025-09-21,ITM005,30
2025-09-22,ITM005,36
2025-09-23,ITM005,33
2025-09-24,ITM005,27
2025-09-25,ITM005,26
2025-09-26,ITM005,29
2025-09-27,ITM005,28
2025-09-28,ITM005,33
2025-09-29,ITM005,30
2025-09-30,ITM005,27
2025-10-01,ITM005,33
2025-10-02,ITM005,31
2025-10-03,ITM005,32
2025-10-04,ITM005,19
2025-10-05,ITM005,28
2025-10-06,ITM005,28
2025-10-07,ITM005,33
2025-10-08,ITM005,26
2025-10-09,ITM005,32
2025-10-10,ITM005,31
2025-10-11,ITM005,26
2025-10-12,ITM005,37
2025-10-13,ITM005,33
2025-10-14,ITM005,34
2025-10-15,ITM005,30
2025-10-16,ITM005,30
2025-10-17,ITM005,35
2025-10-18,ITM005,33
2025-10-19,ITM005,33
2025-10-20,ITM005,30
2025-10-21,ITM005,34
2025-10-22,ITM005,28
2025-10-23,ITM005,26
2025-10-24,ITM005,34
2025-10-25,ITM005,28
2025-10-26,ITM005,26
2025-10-27,ITM005,25
2025-10-28,ITM005,22
2025-10-29,ITM005,26
2025-10-30,ITM005,27
2025-10-31,ITM005,22
2025-11-01,ITM005,25
2025-11-02,ITM005,31
2025-11-03,ITM005,33
2025-11-04,ITM005,23
2025-11-05,ITM005,31
2025-11-06,ITM005,26
2025-11-07,ITM005,26
2025-11-08,ITM005,31
2025-11-09,ITM005,20
2025-11-10,ITM005,26
2025-11-11,ITM005,40
2025-11-12,ITM005,36
2025-11-13,ITM005,33
2025-11-14,ITM005,26
2025-11-15,ITM005,25
2025-11-16,ITM005,31
2025-11-17,ITM005,26
2025-11-18,ITM005,28
2025-11-19,ITM005,35
2025-11-20,ITM005,34
2025-11-21,ITM005,26
2025-11-22,ITM005,24
2025-11-23,ITM005,28
2025-11-24,ITM005,37
2025-11-25,ITM005,23
2025-11-26,ITM005,28
2025-11-27,ITM005,33
2025-11-28,ITM005,30
2025-11-29,ITM005,32
2025-11-30,ITM005,25
2025-12-01,ITM005,25
2025-12-02,ITM005,31
2025-12-03,ITM005,31
2025-12-04,ITM005,22
2025-12-05,ITM005,36
2025-12-06,ITM005,23
2025-12-07,ITM005,25
2025-12-08,ITM005,31
2025-12-09,ITM005,34
2025-12-10,ITM005,33
2025-12-11,ITM005,30
2025-12-12,ITM005,29
2025-12-13,ITM005,25
2025-12-14,ITM005,29
2025-12-15,ITM005,26
2025-12-16,ITM005,32
2025-12-17,ITM005,25
2025-12-18,ITM005,20
2025-12-19,ITM005,32
2025-12-20,ITM005,34
2025-12-21,ITM005,20
2025-12-22,ITM005,35
2025-12-23,ITM005,36
2025-12-24,ITM005,29
2025-12-25,ITM005,24
2025-12-26,ITM005,28
2025-12-27,ITM005,32
2025-12-28,ITM005,31
2025-12-29,ITM005,34
2025-12-30,ITM005,28
2025-12-31,ITM005,27
2026-01-01,ITM005,34
2026-01-02,ITM005,30
2026-01-03,ITM005,26
2026-01-04,ITM005,29
2026-01-05,ITM005,30
2026-01-06,ITM005,33
2026-01-07,ITM005,27
2026-01-08,ITM005,25
2026-01-09,ITM005,28
2026-01-10,ITM005,31
2026-01-11,ITM005,32
2026-01-12,ITM005,31
2026-01-13,ITM005,32
2026-01-14,ITM005,34
2026-01-15,ITM005,17
2026-01-16,ITM005,32
2026-01-17,ITM005,32
2026-01-18,ITM005,31
2026-01-19,ITM005,35
2026-01-20,ITM005,31
2026-01-21,ITM005,30
2026-01-22,ITM005,33
2026-01-23,ITM005,32
2026-01-24,ITM005,35
2026-01-25,ITM005,34
2026-01-26,ITM005,20
2026-01-27,ITM005,37
2026-01-28,ITM005,30
2026-01-29,ITM005,37
2026-01-30,ITM005,24
2026-01-31,ITM005,29
2026-02-01,ITM005,26
2026-02-02,ITM005,28
2026-02-03,ITM005,25
2026-02-04,ITM005,28
2026-02-05,ITM005,29
2026-02-06,ITM005,36
2026-02-07,ITM005,29
2025-08-12,ITM006,46
2025-08-13,ITM006,43
2025-08-14,ITM006,47
2025-08-15,ITM006,42
2025-08-16,ITM006,54
2025-08-17,ITM006,51
2025-08-18,ITM006,46
2025-08-19,ITM006,48
2025-08-20,ITM006,55
2025-08-21,ITM006,57
2025-08-22,ITM006,57
2025-08-23,ITM006,50
2025-08-24,ITM006,54
2025-08-25,ITM006,41
2025-08-26,ITM006,54
2025-08-27,ITM006,48
2025-08-28,ITM006,40
2025-08-29,ITM006,42
2025-08-30,ITM006,48
2025-08-31,ITM006,55
2025-09-01,ITM006,55
2025-09-02,ITM006,56
2025-09-03,ITM006,50
2025-09-04,ITM006,58
2025-09-05,ITM006,58
2025-09-06,ITM006,40
2025-09-07,ITM006,44
2025-09-08,ITM006,54
2025-09-09,ITM006,49
2025-09-10,ITM006,43
2025-09-11,ITM006,55
2025-09-12,ITM006,51
2025-09-13,ITM006,57
2025-09-14,ITM006,48
2025-09-15,ITM006,43
2025-09-16,ITM006,55
2025-09-17,ITM006,43
2025-09-18,ITM006,56
2025-09-19,ITM006,45
2025-09-20,ITM006,51
2025-09-21,ITM006,38
2025-09-22,ITM006,55
2025-09-23,ITM006,47
2025-09-24,ITM006,41
2025-09-25,ITM006,52
2025-09-26,ITM006,49
2025-09-27,ITM006,55
2025-09-28,ITM006,47
2025-09-29,ITM006,36
2025-09-30,ITM006,44
2025-10-01,ITM006,47
2025-10-02,ITM006,53
2025-10-03,ITM006,36
2025-10-04,ITM006,44
2025-10-05,ITM006,45
2025-10-06,ITM006,47
2025-10-07,ITM006,45
2025-10-08,ITM006,49
2025-10-09,ITM006,57
2025-10-10,ITM006,46
2025-10-11,ITM006,42
2025-10-12,ITM006,53
2025-10-13,ITM006,48
2025-10-14,ITM006,43
2025-10-15,ITM006,52
2025-10-16,ITM006,41
2025-10-17,ITM006,57
2025-10-18,ITM006,51
2025-10-19,ITM006,43
2025-10-20,ITM006,66
2025-10-21,ITM006,55
2025-10-22,ITM006,65
2025-10-23,ITM006,48
2025-10-24,ITM006,50
2025-10-25,ITM006,49
2025-10-26,ITM006,54
2025-10-27,ITM006,45
2025-10-28,ITM006,41
2025-10-29,ITM006,57
2025-10-30,ITM006,64
2025-10-31,ITM006,55
2025-11-01,ITM006,58
2025-11-02,ITM006,54
2025-11-03,ITM006,60
2025-11-04,ITM006,51
2025-11-05,ITM006,53
2025-11-06,ITM006,54
2025-11-07,ITM006,46
2025-11-08,ITM006,41
2025-11-09,ITM006,48
2025-11-10,ITM006,52
2025-11-11,ITM006,50
2025-11-12,ITM006,40
2025-11-13,ITM006,38
2025-11-14,ITM006,45
2025-11-15,ITM006,49
2025-11-16,ITM006,44
2025-11-17,ITM006,37
2025-11-18,ITM006,38
2025-11-19,ITM006,62
2025-11-20,ITM006,49
2025-11-21,ITM006,42
2025-11-22,ITM006,63
2025-11-23,ITM006,51
2025-11-24,ITM006,50
2025-11-25,ITM006,52
2025-11-26,ITM006,37
2025-11-27,ITM006,50
2025-11-28,ITM006,35
2025-11-29,ITM006,48
2025-11-30,ITM006,59
2025-12-01,ITM006,42
2025-12-02,ITM006,61
2025-12-03,ITM006,49
2025-12-04,ITM006,56
2025-12-05,ITM006,57
2025-12-06,ITM006,61
2025-12-07,ITM006,59
2025-12-08,ITM006,40
2025-12-09,ITM006,53
2025-12-10,ITM006,48
2025-12-11,ITM006,53
2025-12-12,ITM006,55
2025-12-13,ITM006,37
2025-12-14,ITM006,51
2025-12-15,ITM006,64
2025-12-16,ITM006,50
2025-12-17,ITM006,51
2025-12-18,ITM006,51
2025-12-19,ITM006,55
2025-12-20,ITM006,48
2025-12-21,ITM006,46
2025-12-22,ITM006,50
2025-12-23,ITM006,45
2025-12-24,ITM006,56
2025-12-25,ITM006,38
2025-12-26,ITM006,66
2025-12-27,ITM006,39
2025-12-28,ITM006,47
2025-12-29,ITM006,42
2025-12-30,ITM006,60
2025-12-31,ITM006,55
2026-01-01,ITM006,45
2026-01-02,ITM006,54
2026-01-03,ITM006,49
2026-01-04,ITM006,48
2026-01-05,ITM006,51
2026-01-06,ITM006,40
2026-01-07,ITM006,67
2026-01-08,ITM006,47
2026-01-09,ITM006,60
2026-01-10,ITM006,65
2026-01-11,ITM006,52
2026-01-12,ITM006,58
2026-01-13,ITM006,51
2026-01-14,ITM006,51
2026-01-15,ITM006,44
2026-01-16,ITM006,65
2026-01-17,ITM006,56
2026-01-18,ITM006,43
2026-01-19,ITM006,45
2026-01-20,ITM006,43
2026-01-21,ITM006,41
2026-01-22,ITM006,43
2026-01-23,ITM006,63
2026-01-24,ITM006,50
2026-01-25,ITM006,46
2026-01-26,ITM006,57
2026-01-27,ITM006,52
2026-01-28,ITM006,40
2026-01-29,ITM006,55
2026-01-30,ITM006,44
2026-01-31,ITM006,56
2026-02-01,ITM006,44
2026-02-02,ITM006,57
2026-02-03,ITM006,48
2026-02-04,ITM006,52
2026-02-05,ITM006,49
2026-02-06,ITM006,39
2026-02-07,ITM006,59
2025-08-12,ITM007,27
2025-08-13,ITM007,23
2025-08-14,ITM007,26
2025-08-15,ITM007,27
2025-08-16,ITM007,31
2025-08-17,ITM007,30
2025-08-18,ITM007,23
2025-08-19,ITM007,19
2025-08-20,ITM007,35
2025-08-21,ITM007,31
2025-08-22,ITM007,26
2025-08-23,ITM007,34
2025-08-24,ITM007,38
2025-08-25,ITM007,29
2025-08-26,ITM007,29
2025-08-27,ITM007,36
2025-08-28,ITM007,30
2025-08-29,ITM007,44
2025-08-30,ITM007,31
2025-08-31,ITM007,29
2025-09-01,ITM007,28
2025-09-02,ITM007,33
2025-09-03,ITM007,35
2025-09-04,ITM007,25
2025-09-05,ITM007,21
2025-09-06,ITM007,23
2025-09-07,ITM007,37
2025-09-08,ITM007,26
2025-09-09,ITM007,33
2025-09-10,ITM007,38
2025-09-11,ITM007,28
2025-09-12,ITM007,34
2025-09-13,ITM007,30
2025-09-14,ITM007,33
2025-09-15,ITM007,25
2025-09-16,ITM007,25
2025-09-17,ITM007,27
2025-09-18,ITM007,32
2025-09-19,ITM007,30
2025-09-20,ITM007,23
2025-09-21,ITM007,37
2025-09-22,ITM007,27
2025-09-23,ITM007,27
2025-09-24,ITM007,28
2025-09-25,ITM007,32
2025-09-26,ITM007,31
2025-09-27,ITM007,37
2025-09-28,ITM007,31
2025-09-29,ITM007,33
2025-09-30,ITM007,40
2025-10-01,ITM007,32
2025-10-02,ITM007,32
2025-10-03,ITM007,34
2025-10-04,ITM007,36
2025-10-05,ITM007,31
2025-10-06,ITM007,32
2025-10-07,ITM007,28
2025-10-08,ITM007,27
2025-10-09,ITM007,29
2025-10-10,ITM007,31
2025-10-11,ITM007,29
2025-10-12,ITM007,31
2025-10-13,ITM007,30
2025-10-14,ITM007,33
2025-10-15,ITM007,33
2025-10-16,ITM007,24
2025-10-17,ITM007,31
2025-10-18,ITM007,19
2025-10-19,ITM007,33
2025-10-20,ITM007,31
2025-10-21,ITM007,24
2025-10-22,ITM007,30
2025-10-23,ITM007,33
2025-10-24,ITM007,34
2025-10-25,ITM007,28
2025-10-26,ITM007,33
2025-10-27,ITM007,31
2025-10-28,ITM007,29
2025-10-29,ITM007,25
2025-10-30,ITM007,29
2025-10-31,ITM007,36
2025-11-01,ITM007,32
2025-11-02,ITM007,25
2025-11-03,ITM007,28
2025-11-04,ITM007,23
2025-11-05,ITM007,33
2025-11-06,ITM007,37
2025-11-07,ITM007,30
2025-11-08,ITM007,30
2025-11-09,ITM007,28
2025-11-10,ITM007,25
2025-11-11,ITM007,34
2025-11-12,ITM007,36
2025-11-13,ITM007,27
2025-11-14,ITM007,27
2025-11-15,ITM007,27
2025-11-16,ITM007,26
2025-11-17,ITM007,28
2025-11-18,ITM007,38
2025-11-19,ITM007,30
2025-11-20,ITM007,28
2025-11-21,ITM007,29
2025-11-22,ITM007,25
2025-11-23,ITM007,32
2025-11-24,ITM007,22
2025-11-25,ITM007,30
2025-11-26,ITM007,29
2025-11-27,ITM007,36
2025-11-28,ITM007,29
2025-11-29,ITM007,32
2025-11-30,ITM007,23
2025-12-01,ITM007,25
2025-12-02,ITM007,31
2025-12-03,ITM007,38
2025-12-04,ITM007,31
2025-12-05,ITM007,26
2025-12-06,ITM007,25
2025-12-07,ITM007,28
2025-12-08,ITM007,23
2025-12-09,ITM007,24
2025-12-10,ITM007,25
2025-12-11,ITM007,31
2025-12-12,ITM007,27
2025-12-13,ITM007,23
2025-12-14,ITM007,31
2025-12-15,ITM007,25
2025-12-16,ITM007,29
2025-12-17,ITM007,34
2025-12-18,ITM007,29
2025-12-19,ITM007,26
2025-12-20,ITM007,26
2025-12-21,ITM007,28
2025-12-22,ITM007,35
2025-12-23,ITM007,36
2025-12-24,ITM007,28
2025-12-25,ITM007,31
2025-12-26,ITM007,36
2025-12-27,ITM007,25
2025-12-28,ITM007,29
2025-12-29,ITM007,26
2025-12-30,ITM007,33
2025-12-31,ITM007,35
2026-01-01,ITM007,32
2026-01-02,ITM007,28
2026-01-03,ITM007,37
2026-01-04,ITM007,32
2026-01-05,ITM007,22
2026-01-06,ITM007,28
2026-01-07,ITM007,29
2026-01-08,ITM007,33
2026-01-09,ITM007,25
2026-01-10,ITM007,33
2026-01-11,ITM007,27
2026-01-12,ITM007,33
2026-01-13,ITM007,31
2026-01-14,ITM007,33
2026-01-15,ITM007,29
2026-01-16,ITM007,25
2026-01-17,ITM007,29
2026-01-18,ITM007,34
2026-01-19,ITM007,34
2026-01-20,ITM007,26
2026-01-21,ITM007,30
2026-01-22,ITM007,29
2026-01-23,ITM007,31
2026-01-24,ITM007,33
2026-01-25,ITM007,25
2026-01-26,ITM007,26
2026-01-27,ITM007,32
2026-01-28,ITM007,28
2026-01-29,ITM007,32
2026-01-30,ITM007,26
2026-01-31,ITM007,28
2026-02-01,ITM007,31
2026-02-02,ITM007,32
2026-02-03,ITM007,33
2026-02-04,ITM007,30
2026-02-05,ITM007,36
2026-02-06,ITM007,33
2026-02-07,ITM007,29
2025-08-12,ITM008,50
2025-08-13,ITM008,51
2025-08-14,ITM008,51
2025-08-15,ITM008,44
2025-08-16,ITM008,54
2025-08-17,ITM008,38
2025-08-18,ITM008,52
2025-08-19,ITM008,57
2025-08-20,ITM008,34
2025-08-21,ITM008,41
2025-08-22,ITM008,54
2025-08-23,ITM008,54
2025-08-24,ITM008,51
2025-08-25,ITM008,42
2025-08-26,ITM008,38
2025-08-27,ITM008,50
2025-08-28,ITM008,53
2025-08-29,ITM008,38
2025-08-30,ITM008,43
2025-08-31,ITM008,59
2025-09-01,ITM008,48
2025-09-02,ITM008,52
2025-09-03,ITM008,45
2025-09-04,ITM008,61
2025-09-05,ITM008,37
2025-09-06,ITM008,34
2025-09-07,ITM008,39
2025-09-08,ITM008,33
2025-09-09,ITM008,41
2025-09-10,ITM008,60
2025-09-11,ITM008,51
2025-09-12,ITM008,45
2025-09-13,ITM008,37
2025-09-14,ITM008,55
2025-09-15,ITM008,53
2025-09-16,ITM008,51
2025-09-17,ITM008,48
2025-09-18,ITM008,45
2025-09-19,ITM008,48
2025-09-20,ITM008,44
2025-09-21,ITM008,49
2025-09-22,ITM008,65
2025-09-23,ITM008,58
2025-09-24,ITM008,43
2025-09-25,ITM008,47
2025-09-26,ITM008,46
2025-09-27,ITM008,47
2025-09-28,ITM008,54
2025-09-29,ITM008,53
2025-09-30,ITM008,49
2025-10-01,ITM008,57
2025-10-02,ITM008,52
2025-10-03,ITM008,45
2025-10-04,ITM008,45
2025-10-05,ITM008,46
2025-10-06,ITM008,43
2025-10-07,ITM008,40
2025-10-08,ITM008,51
2025-10-09,ITM008,38
2025-10-10,ITM008,41
2025-10-11,ITM008,60
2025-10-12,ITM008,55
2025-10-13,ITM008,47
2025-10-14,ITM008,44
2025-10-15,ITM008,53
2025-10-16,ITM008,49
2025-10-17,ITM008,48
2025-10-18,ITM008,41
2025-10-19,ITM008,66
2025-10-20,ITM008,50
2025-10-21,ITM008,53
2025-10-22,ITM008,48
2025-10-23,ITM008,51
2025-10-24,ITM008,53
2025-10-25,ITM008,51
2025-10-26,ITM008,53
2025-10-27,ITM008,54
2025-10-28,ITM008,47
2025-10-29,ITM008,46
2025-10-30,ITM008,40
2025-10-31,ITM008,60
2025-11-01,ITM008,51
2025-11-02,ITM008,49
2025-11-03,ITM008,47
2025-11-04,ITM008,41
2025-11-05,ITM008,54
2025-11-06,ITM008,48
2025-11-07,ITM008,57
2025-11-08,ITM008,52
2025-11-09,ITM008,44
2025-11-10,ITM008,58
2025-11-11,ITM008,66
2025-11-12,ITM008,46
2025-11-13,ITM008,53
2025-11-14,ITM008,44
2025-11-15,ITM008,46
2025-11-16,ITM008,49
2025-11-17,ITM008,54
2025-11-18,ITM008,46
2025-11-19,ITM008,48
2025-11-20,ITM008,57
2025-11-21,ITM008,69
2025-11-22,ITM008,34
2025-11-23,ITM008,51
2025-11-24,ITM008,52
2025-11-25,ITM008,49
2025-11-26,ITM008,51
2025-11-27,ITM008,57
2025-11-28,ITM008,44
2025-11-29,ITM008,49
2025-11-30,ITM008,55
2025-12-01,ITM008,54
2025-12-02,ITM008,41
2025-12-03,ITM008,49
2025-12-04,ITM008,50
2025-12-05,ITM008,50
2025-12-06,ITM008,62
2025-12-07,ITM008,47
2025-12-08,ITM008,45
2025-12-09,ITM008,49
2025-12-10,ITM008,58
2025-12-11,ITM008,48
2025-12-12,ITM008,43
2025-12-13,ITM008,58
2025-12-14,ITM008,47
2025-12-15,ITM008,37
2025-12-16,ITM008,46
2025-12-17,ITM008,48
2025-12-18,ITM008,44
2025-12-19,ITM008,53
2025-12-20,ITM008,57
2025-12-21,ITM008,60
2025-12-22,ITM008,48
2025-12-23,ITM008,53
2025-12-24,ITM008,51
2025-12-25,ITM008,47
2025-12-26,ITM008,31
2025-12-27,ITM008,45
2025-12-28,ITM008,51
2025-12-29,ITM008,53
2025-12-30,ITM008,35
2025-12-31,ITM008,61
2026-01-01,ITM008,55
2026-01-02,ITM008,53
2026-01-03,ITM008,51
2026-01-04,ITM008,51
2026-01-05,ITM008,56
2026-01-06,ITM008,54
2026-01-07,ITM008,48
2026-01-08,ITM008,57
2026-01-09,ITM008,54
2026-01-10,ITM008,48
2026-01-11,ITM008,53
2026-01-12,ITM008,38
2026-01-13,ITM008,55
2026-01-14,ITM008,44
2026-01-15,ITM008,60
2026-01-16,ITM008,50
2026-01-17,ITM008,53
2026-01-18,ITM008,47
2026-01-19,ITM008,47
2026-01-20,ITM008,42
2026-01-21,ITM008,58
2026-01-22,ITM008,51
2026-01-23,ITM008,54
2026-01-24,ITM008,47
2026-01-25,ITM008,54
2026-01-26,ITM008,57
2026-01-27,ITM008,52
2026-01-28,ITM008,39
2026-01-29,ITM008,44
2026-01-30,ITM008,37
2026-01-31,ITM008,54
2026-02-01,ITM008,60
2026-02-02,ITM008,38
2026-02-03,ITM008,45
2026-02-04,ITM008,52
2026-02-05,ITM008,51
2026-02-06,ITM008,71
2026-02-07,ITM008,45
2025-08-12,ITM009,39
2025-08-13,ITM009,35
2025-08-14,ITM009,31
2025-08-15,ITM009,34
2025-08-16,ITM009,29
2025-08-17,ITM009,27
2025-08-18,ITM009,31
2025-08-19,ITM009,28
2025-08-20,ITM009,39
2025-08-21,ITM009,24
2025-08-22,ITM009,33
2025-08-23,ITM009,37
2025-08-24,ITM009,22
2025-08-25,ITM009,28
2025-08-26,ITM009,31
2025-08-27,ITM009,30
2025-08-28,ITM009,22
2025-08-29,ITM009,26
2025-08-30,ITM009,34
2025-08-31,ITM009,37
2025-09-01,ITM009,37
2025-09-02,ITM009,34
2025-09-03,ITM009,25
2025-09-04,ITM009,38
2025-09-05,ITM009,35
2025-09-06,ITM009,35
2025-09-07,ITM009,31
2025-09-08,ITM009,24
2025-09-09,ITM009,21
2025-09-10,ITM009,32
2025-09-11,ITM009,30
2025-09-12,ITM009,28
2025-09-13,ITM009,30
2025-09-14,ITM009,34
2025-09-15,ITM009,33
2025-09-16,ITM009,37
2025-09-17,ITM009,34
2025-09-18,ITM009,28
2025-09-19,ITM009,30
2025-09-20,ITM009,25
2025-09-21,ITM009,29
2025-09-22,ITM009,25
2025-09-23,ITM009,26
2025-09-24,ITM009,24
2025-09-25,ITM009,32
2025-09-26,ITM009,21
2025-09-27,ITM009,33
2025-09-28,ITM009,33
2025-09-29,ITM009,32
2025-09-30,ITM009,26
2025-10-01,ITM009,23
2025-10-02,ITM009,38
2025-10-03,ITM009,31
2025-10-04,ITM009,23
2025-10-05,ITM009,33
2025-10-06,ITM009,30
2025-10-07,ITM009,31
2025-10-08,ITM009,37
2025-10-09,ITM009,26
2025-10-10,ITM009,35
2025-10-11,ITM009,29
2025-10-12,ITM009,22
2025-10-13,ITM009,42
2025-10-14,ITM009,30
2025-10-15,ITM009,35
2025-10-16,ITM009,23
2025-10-17,ITM009,34
2025-10-18,ITM009,41
2025-10-19,ITM009,36
2025-10-20,ITM009,33
2025-10-21,ITM009,30
2025-10-22,ITM009,26
2025-10-23,ITM009,18
2025-10-24,ITM009,30
2025-10-25,ITM009,29
2025-10-26,ITM009,31
2025-10-27,ITM009,30
2025-10-28,ITM009,29
2025-10-29,ITM009,32
2025-10-30,ITM009,25
2025-10-31,ITM009,32
2025-11-01,ITM009,38
2025-11-02,ITM009,26
2025-11-03,ITM009,36
2025-11-04,ITM009,24
2025-11-05,ITM009,31
2025-11-06,ITM009,25
2025-11-07,ITM009,35
2025-11-08,ITM009,30
2025-11-09,ITM009,25
2025-11-10,ITM009,32
2025-11-11,ITM009,30
2025-11-12,ITM009,33
2025-11-13,ITM009,31
2025-11-14,ITM009,30
2025-11-15,ITM009,31
2025-11-16,ITM009,32
2025-11-17,ITM009,36
2025-11-18,ITM009,28
2025-11-19,ITM009,25
2025-11-20,ITM009,23
2025-11-21,ITM009,33
2025-11-22,ITM009,22
2025-11-23,ITM009,32
2025-11-24,ITM009,26
2025-11-25,ITM009,27
2025-11-26,ITM009,32
2025-11-27,ITM009,29
2025-11-28,ITM009,29
2025-11-29,ITM009,28
2025-11-30,ITM009,32
2025-12-01,ITM009,33
2025-12-02,ITM009,24
2025-12-03,ITM009,25
2025-12-04,ITM009,33
2025-12-05,ITM009,37
2025-12-06,ITM009,29
2025-12-07,ITM009,25
2025-12-08,ITM009,36
2025-12-09,ITM009,28
2025-12-10,ITM009,35
2025-12-11,ITM009,29
2025-12-12,ITM009,24
2025-12-13,ITM009,28
2025-12-14,ITM009,35
2025-12-15,ITM009,42
2025-12-16,ITM009,27
2025-12-17,ITM009,32
2025-12-18,ITM009,29
2025-12-19,ITM009,27
2025-12-20,ITM009,27
2025-12-21,ITM009,27
2025-12-22,ITM009,33
2025-12-23,ITM009,33
2025-12-24,ITM009,36
2025-12-25,ITM009,29
2025-12-26,ITM009,35
2025-12-27,ITM009,25
2025-12-28,ITM009,25
2025-12-29,ITM009,24
2025-12-30,ITM009,23
2025-12-31,ITM009,24
2026-01-01,ITM009,31
2026-01-02,ITM009,29
2026-01-03,ITM009,28
2026-01-04,ITM009,37
2026-01-05,ITM009,23
2026-01-06,ITM009,20
2026-01-07,ITM009,32
2026-01-08,ITM009,35
2026-01-09,ITM009,29
2026-01-10,ITM009,31
2026-01-11,ITM009,29
2026-01-12,ITM009,36
2026-01-13,ITM009,33
2026-01-14,ITM009,28
2026-01-15,ITM009,25
2026-01-16,ITM009,25
2026-01-17,ITM009,27
2026-01-18,ITM009,35
2026-01-19,ITM009,33
2026-01-20,ITM009,25
2026-01-21,ITM009,29
2026-01-22,ITM009,28
2026-01-23,ITM009,23
2026-01-24,ITM009,27
2026-01-25,ITM009,30
2026-01-26,ITM009,30
2026-01-27,ITM009,25
2026-01-28,ITM009,34
2026-01-29,ITM009,32
2026-01-30,ITM009,30
2026-01-31,ITM009,34
2026-02-01,ITM009,13
2026-02-02,ITM009,30
2026-02-03,ITM009,31
2026-02-04,ITM009,29
2026-02-05,ITM009,36
2026-02-06,ITM009,35
2026-02-07,ITM009,37
2025-08-12,ITM010,29
2025-08-13,ITM010,26
2025-08-14,ITM010,23
2025-08-15,ITM010,31
2025-08-16,ITM010,30
2025-08-17,ITM010,33
2025-08-18,ITM010,24
2025-08-19,ITM010,24
2025-08-20,ITM010,32
2025-08-21,ITM010,35
2025-08-22,ITM010,35
2025-08-23,ITM010,30
2025-08-24,ITM010,19
2025-08-25,ITM010,15
2025-08-26,ITM010,26
2025-08-27,ITM010,29
2025-08-28,ITM010,27
2025-08-29,ITM010,29
2025-08-30,ITM010,24
2025-08-31,ITM010,26
2025-09-01,ITM010,36
2025-09-02,ITM010,26
2025-09-03,ITM010,20
2025-09-04,ITM010,32
2025-09-05,ITM010,28
2025-09-06,ITM010,31
2025-09-07,ITM010,26
2025-09-08,ITM010,24
2025-09-09,ITM010,26
2025-09-10,ITM010,23
2025-09-11,ITM010,25
2025-09-12,ITM010,38
2025-09-13,ITM010,33
2025-09-14,ITM010,25
2025-09-15,ITM010,37
2025-09-16,ITM010,27
2025-09-17,ITM010,27
2025-09-18,ITM010,41
2025-09-19,ITM010,32
2025-09-20,ITM010,30
2025-09-21,ITM010,28
2025-09-22,ITM010,35
2025-09-23,ITM010,29
2025-09-24,ITM010,29
2025-09-25,ITM010,28
2025-09-26,ITM010,27
2025-09-27,ITM010,29
2025-09-28,ITM010,30
2025-09-29,ITM010,28
2025-09-30,ITM010,26
2025-10-01,ITM010,34
2025-10-02,ITM010,31
2025-10-03,ITM010,24
2025-10-04,ITM010,31
2025-10-05,ITM010,33
2025-10-06,ITM010,37
2025-10-07,ITM010,34
2025-10-08,ITM010,19
2025-10-09,ITM010,31
2025-10-10,ITM010,27
2025-10-11,ITM010,26
2025-10-12,ITM010,32
2025-10-13,ITM010,32
2025-10-14,ITM010,27
2025-10-15,ITM010,26
2025-10-16,ITM010,29
2025-10-17,ITM010,27
2025-10-18,ITM010,29
2025-10-19,ITM010,34
2025-10-20,ITM010,29
2025-10-21,ITM010,34
2025-10-22,ITM010,30
2025-10-23,ITM010,38
2025-10-24,ITM010,28
2025-10-25,ITM010,38
2025-10-26,ITM010,27
2025-10-27,ITM010,26
2025-10-28,ITM010,24
2025-10-29,ITM010,37
2025-10-30,ITM010,35
2025-10-31,ITM010,29
2025-11-01,ITM010,34
2025-11-02,ITM010,26
2025-11-03,ITM010,28
2025-11-04,ITM010,26
2025-11-05,ITM010,36
2025-11-06,ITM010,35
2025-11-07,ITM010,23
2025-11-08,ITM010,29
2025-11-09,ITM010,25
2025-11-10,ITM010,24
2025-11-11,ITM010,30
2025-11-12,ITM010,30
2025-11-13,ITM010,25
2025-11-14,ITM010,21
2025-11-15,ITM010,26
2025-11-16,ITM010,30
2025-11-17,ITM010,28
2025-11-18,ITM010,23
2025-11-19,ITM010,39
2025-11-20,ITM010,26
2025-11-21,ITM010,26
2025-11-22,ITM010,26
2025-11-23,ITM010,31
2025-11-24,ITM010,31
2025-11-25,ITM010,25
2025-11-26,ITM010,34
2025-11-27,ITM010,24
2025-11-28,ITM010,33
2025-11-29,ITM010,26
2025-11-30,ITM010,26
2025-12-01,ITM010,29
2025-12-02,ITM010,27
2025-12-03,ITM010,31
2025-12-04,ITM010,22
2025-12-05,ITM010,27
2025-12-06,ITM010,30
2025-12-07,ITM010,28
2025-12-08,ITM010,22
2025-12-09,ITM010,26
2025-12-10,ITM010,26
2025-12-11,ITM010,27
2025-12-12,ITM010,31
2025-12-13,ITM010,31
2025-12-14,ITM010,40
2025-12-15,ITM010,28
2025-12-16,ITM010,32
2025-12-17,ITM010,26
2025-12-18,ITM010,34
2025-12-19,ITM010,25
2025-12-20,ITM010,30
2025-12-21,ITM010,32
2025-12-22,ITM010,31
2025-12-23,ITM010,33
2025-12-24,ITM010,25
2025-12-25,ITM010,28
2025-12-26,ITM010,31
2025-12-27,ITM010,29
2025-12-28,ITM010,27
2025-12-29,ITM010,31
2025-12-30,ITM010,30
2025-12-31,ITM010,28
2026-01-01,ITM010,33
2026-01-02,ITM010,32
2026-01-03,ITM010,29
2026-01-04,ITM010,32
2026-01-05,ITM010,33
2026-01-06,ITM010,29
2026-01-07,ITM010,28
2026-01-08,ITM010,32
2026-01-09,ITM010,28
2026-01-10,ITM010,31
2026-01-11,ITM010,35
2026-01-12,ITM010,23
2026-01-13,ITM010,25
2026-01-14,ITM010,33
2026-01-15,ITM010,34
2026-01-16,ITM010,29
2026-01-17,ITM010,25
2026-01-18,ITM010,33
2026-01-19,ITM010,26
2026-01-20,ITM010,28
2026-01-21,ITM010,35
2026-01-22,ITM010,30
2026-01-23,ITM010,24
2026-01-24,ITM010,32
2026-01-25,ITM010,26
2026-01-26,ITM010,34
2026-01-27,ITM010,38
2026-01-28,ITM010,29
2026-01-29,ITM010,21
2026-01-30,ITM010,33
2026-01-31,ITM010,35
2026-02-01,ITM010,28
2026-02-02,ITM010,29
2026-02-03,ITM010,34
2026-02-04,ITM010,26
2026-02-05,ITM010,29
2026-02-06,ITM010,28
2026-02-07,ITM010,23
2025-08-12,ITM011,26
2025-08-13,ITM011,30
2025-08-14,ITM011,37
2025-08-15,ITM011,23
2025-08-16,ITM011,32
2025-08-17,ITM011,35
2025-08-18,ITM011,32
2025-08-19,ITM011,40
2025-08-20,ITM011,31
2025-08-21,ITM011,35
2025-08-22,ITM011,33
2025-08-23,ITM011,27
2025-08-24,ITM011,25
2025-08-25,ITM011,29
2025-08-26,ITM011,34
2025-08-27,ITM011,23
2025-08-28,ITM011,32
2025-08-29,ITM011,29
2025-08-30,ITM011,28
2025-08-31,ITM011,32
2025-09-01,ITM011,32
2025-09-02,ITM011,27
2025-09-03,ITM011,38
2025-09-04,ITM011,23
2025-09-05,ITM011,30
2025-09-06,ITM011,30
2025-09-07,ITM011,30
2025-09-08,ITM011,32
2025-09-09,ITM011,28
2025-09-10,ITM011,27
2025-09-11,ITM011,36
2025-09-12,ITM011,24
2025-09-13,ITM011,36
2025-09-14,ITM011,32
2025-09-15,ITM011,34
2025-09-16,ITM011,36
2025-09-17,ITM011,34
2025-09-18,ITM011,35
2025-09-19,ITM011,31
2025-09-20,ITM011,42
2025-09-21,ITM011,29
2025-09-22,ITM011,25
2025-09-23,ITM011,31
2025-09-24,ITM011,34
2025-09-25,ITM011,29
2025-09-26,ITM011,27
2025-09-27,ITM011,36
2025-09-28,ITM011,31
2025-09-29,ITM011,41
2025-09-30,ITM011,26
2025-10-01,ITM011,39
2025-10-02,ITM011,31
2025-10-03,ITM011,23
2025-10-04,ITM011,29
2025-10-05,ITM011,38
2025-10-06,ITM011,28
2025-10-07,ITM011,26
2025-10-08,ITM011,26
2025-10-09,ITM011,26
2025-10-10,ITM011,30
2025-10-11,ITM011,25
2025-10-12,ITM011,36
2025-10-13,ITM011,30
2025-10-14,ITM011,32
2025-10-15,ITM011,28
2025-10-16,ITM011,34
2025-10-17,ITM011,28
2025-10-18,ITM011,21
2025-10-19,ITM011,21
2025-10-20,ITM011,24
2025-10-21,ITM011,26
2025-10-22,ITM011,32
2025-10-23,ITM011,25
2025-10-24,ITM011,29
2025-10-25,ITM011,31
2025-10-26,ITM011,31
2025-10-27,ITM011,36
2025-10-28,ITM011,35
2025-10-29,ITM011,22
2025-10-30,ITM011,29
2025-10-31,ITM011,29
2025-11-01,ITM011,36
2025-11-02,ITM011,33
2025-11-03,ITM011,36
2025-11-04,ITM011,38
2025-11-05,ITM011,25
2025-11-06,ITM011,27
2025-11-07,ITM011,32
2025-11-08,ITM011,37
2025-11-09,ITM011,29
2025-11-10,ITM011,31
2025-11-11,ITM011,24
2025-11-12,ITM011,28
2025-11-13,ITM011,33
2025-11-14,ITM011,26
2025-11-15,ITM011,27
2025-11-16,ITM011,30
2025-11-17,ITM011,29
2025-11-18,ITM011,31
2025-11-19,ITM011,25
2025-11-20,ITM011,30
2025-11-21,ITM011,29
2025-11-22,ITM011,24
2025-11-23,ITM011,27
2025-11-24,ITM011,36
2025-11-25,ITM011,42
2025-11-26,ITM011,33
2025-11-27,ITM011,25
2025-11-28,ITM011,28
2025-11-29,ITM011,30
2025-11-30,ITM011,27
2025-12-01,ITM011,30
2025-12-02,ITM011,24
2025-12-03,ITM011,26
2025-12-04,ITM011,30
2025-12-05,ITM011,33
2025-12-06,ITM011,33
2025-12-07,ITM011,30
2025-12-08,ITM011,35
2025-12-09,ITM011,31
2025-12-10,ITM011,27
2025-12-11,ITM011,37
2025-12-12,ITM011,33
2025-12-13,ITM011,30
2025-12-14,ITM011,27
2025-12-15,ITM011,28
2025-12-16,ITM011,31
2025-12-17,ITM011,22
2025-12-18,ITM011,27
2025-12-19,ITM011,24
2025-12-20,ITM011,38
2025-12-21,ITM011,19
2025-12-22,ITM011,28
2025-12-23,ITM011,30
2025-12-24,ITM011,33
2025-12-25,ITM011,33
2025-12-26,ITM011,30
2025-12-27,ITM011,30
2025-12-28,ITM011,33
2025-12-29,ITM011,39
2025-12-30,ITM011,31
2025-12-31,ITM011,22
2026-01-01,ITM011,19
2026-01-02,ITM011,31
2026-01-03,ITM011,28
2026-01-04,ITM011,29
2026-01-05,ITM011,30
2026-01-06,ITM011,23
2026-01-07,ITM011,37
2026-01-08,ITM011,22
2026-01-09,ITM011,28
2026-01-10,ITM011,29
2026-01-11,ITM011,22
2026-01-12,ITM011,23
2026-01-13,ITM011,30
2026-01-14,ITM011,34
2026-01-15,ITM011,21
2026-01-16,ITM011,41
2026-01-17,ITM011,34
2026-01-18,ITM011,23
2026-01-19,ITM011,37
2026-01-20,ITM011,20
2026-01-21,ITM011,29
2026-01-22,ITM011,21
2026-01-23,ITM011,40
2026-01-24,ITM011,35
2026-01-25,ITM011,31
2026-01-26,ITM011,24
2026-01-27,ITM011,32
2026-01-28,ITM011,34
2026-01-29,ITM011,31
2026-01-30,ITM011,38
2026-01-31,ITM011,29
2026-02-01,ITM011,29
2026-02-02,ITM011,37
2026-02-03,ITM011,37
2026-02-04,ITM011,33
2026-02-05,ITM011,32
2026-02-06,ITM011,30
2026-02-07,ITM011,32
2025-08-12,ITM012,54
2025-08-13,ITM012,44
2025-08-14,ITM012,54
2025-08-15,ITM012,58
2025-08-16,ITM012,42
2025-08-17,ITM012,59
2025-08-18,ITM012,55
2025-08-19,ITM012,52
2025-08-20,ITM012,56
2025-08-21,ITM012,47
2025-08-22,ITM012,43
2025-08-23,ITM012,49
2025-08-24,ITM012,55
2025-08-25,ITM012,59
2025-08-26,ITM012,60
2025-08-27,ITM012,51
2025-08-28,ITM012,55
2025-08-29,ITM012,37
2025-08-30,ITM012,42
2025-08-31,ITM012,51
2025-09-01,ITM012,55
2025-09-02,ITM012,59
2025-09-03,ITM012,57
2025-09-04,ITM012,51
2025-09-05,ITM012,60
2025-09-06,ITM012,42
2025-09-07,ITM012,40
2025-09-08,ITM012,54
2025-09-09,ITM012,51
2025-09-10,ITM012,46
2025-09-11,ITM012,51
2025-09-12,ITM012,41
2025-09-13,ITM012,62
2025-09-14,ITM012,42
2025-09-15,ITM012,51
2025-09-16,ITM012,56
2025-09-17,ITM012,36
2025-09-18,ITM012,63
2025-09-19,ITM012,48
2025-09-20,ITM012,50
2025-09-21,ITM012,34
2025-09-22,ITM012,47
2025-09-23,ITM012,55
2025-09-24,ITM012,49
2025-09-25,ITM012,63
2025-09-26,ITM012,54
2025-09-27,ITM012,38
2025-09-28,ITM012,62
2025-09-29,ITM012,39
2025-09-30,ITM012,47
2025-10-01,ITM012,48
2025-10-02,ITM012,60
2025-10-03,ITM012,52
2025-10-04,ITM012,41
2025-10-05,ITM012,56
2025-10-06,ITM012,41
2025-10-07,ITM012,51
2025-10-08,ITM012,42
2025-10-09,ITM012,47
2025-10-10,ITM012,51
2025-10-11,ITM012,54
2025-10-12,ITM012,40
2025-10-13,ITM012,55
2025-10-14,ITM012,49
2025-10-15,ITM012,46
2025-10-16,ITM012,55
2025-10-17,ITM012,55
2025-10-18,ITM012,48
2025-10-19,ITM012,46
2025-10-20,ITM012,40
2025-10-21,ITM012,45
2025-10-22,ITM012,46
2025-10-23,ITM012,39
2025-10-24,ITM012,57
2025-10-25,ITM012,48
2025-10-26,ITM012,42
2025-10-27,ITM012,39
2025-10-28,ITM012,55
2025-10-29,ITM012,57
2025-10-30,ITM012,41
2025-10-31,ITM012,62
2025-11-01,ITM012,59
2025-11-02,ITM012,43
2025-11-03,ITM012,46
2025-11-04,ITM012,50
2025-11-05,ITM012,41
2025-11-06,ITM012,41
2025-11-07,ITM012,47
2025-11-08,ITM012,44
2025-11-09,ITM012,57
2025-11-10,ITM012,42
2025-11-11,ITM012,46
2025-11-12,ITM012,55
2025-11-13,ITM012,50
2025-11-14,ITM012,57
2025-11-15,ITM012,47
2025-11-16,ITM012,57
2025-11-17,ITM012,46
2025-11-18,ITM012,53
2025-11-19,ITM012,52
2025-11-20,ITM012,46
2025-11-21,ITM012,47
2025-11-22,ITM012,54
2025-11-23,ITM012,55
2025-11-24,ITM012,44
2025-11-25,ITM012,55
2025-11-26,ITM012,54
2025-11-27,ITM012,42
2025-11-28,ITM012,51
2025-11-29,ITM012,42
2025-11-30,ITM012,44
2025-12-01,ITM012,32
2025-12-02,ITM012,56
2025-12-03,ITM012,52
2025-12-04,ITM012,62
2025-12-05,ITM012,48
2025-12-06,ITM012,47
2025-12-07,ITM012,46
2025-12-08,ITM012,30
2025-12-09,ITM012,56
2025-12-10,ITM012,41
2025-12-11,ITM012,52
2025-12-12,ITM012,46
2025-12-13,ITM012,54
2025-12-14,ITM012,61
2025-12-15,ITM012,44
2025-12-16,ITM012,43
2025-12-17,ITM012,51
2025-12-18,ITM012,56
2025-12-19,ITM012,54
2025-12-20,ITM012,51
2025-12-21,ITM012,44
2025-12-22,ITM012,52
2025-12-23,ITM012,46
2025-12-24,ITM012,42
2025-12-25,ITM012,51
2025-12-26,ITM012,33
2025-12-27,ITM012,49
2025-12-28,ITM012,47
2025-12-29,ITM012,49
2025-12-30,ITM012,49
2025-12-31,ITM012,61
2026-01-01,ITM012,53
2026-01-02,ITM012,60
2026-01-03,ITM012,60
2026-01-04,ITM012,37
2026-01-05,ITM012,44
2026-01-06,ITM012,50
2026-01-07,ITM012,58
2026-01-08,ITM012,41
2026-01-09,ITM012,68
2026-01-10,ITM012,59
2026-01-11,ITM012,56
2026-01-12,ITM012,44
2026-01-13,ITM012,55
2026-01-14,ITM012,52
2026-01-15,ITM012,45
2026-01-16,ITM012,57
2026-01-17,ITM012,36
2026-01-18,ITM012,38
2026-01-19,ITM012,47
2026-01-20,ITM012,58
2026-01-21,ITM012,64
2026-01-22,ITM012,53
2026-01-23,ITM012,36
2026-01-24,ITM012,60
2026-01-25,ITM012,56
2026-01-26,ITM012,53
2026-01-27,ITM012,55
2026-01-28,ITM012,55
2026-01-29,ITM012,64
2026-01-30,ITM012,32
2026-01-31,ITM012,44
2026-02-01,ITM012,53
2026-02-02,ITM012,40
2026-02-03,ITM012,56
2026-02-04,ITM012,38
2026-02-05,ITM012,39
2026-02-06,ITM012,60
2026-02-07,ITM012,41
2025-08-12,ITM013,47
2025-08-13,ITM013,40
2025-08-14,ITM013,50
2025-08-15,ITM013,45
2025-08-16,ITM013,42
2025-08-17,ITM013,48
2025-08-18,ITM013,49
2025-08-19,ITM013,41
2025-08-20,ITM013,48
2025-08-21,ITM013,54
2025-08-22,ITM013,48
2025-08-23,ITM013,55
2025-08-24,ITM013,43
2025-08-25,ITM013,46
2025-08-26,ITM013,55
2025-08-27,ITM013,52
2025-08-28,ITM013,55
2025-08-29,ITM013,50
2025-08-30,ITM013,61
2025-08-31,ITM013,54
2025-09-01,ITM013,47
2025-09-02,ITM013,61
2025-09-03,ITM013,60
2025-09-04,ITM013,55
2025-09-05,ITM013,41
2025-09-06,ITM013,51
2025-09-07,ITM013,52
2025-09-08,ITM013,51
2025-09-09,ITM013,44
2025-09-10,ITM013,55
2025-09-11,ITM013,48
2025-09-12,ITM013,51
2025-09-13,ITM013,53
2025-09-14,ITM013,60
2025-09-15,ITM013,53
2025-09-16,ITM013,40
2025-09-17,ITM013,59
2025-09-18,ITM013,49
2025-09-19,ITM013,47
2025-09-20,ITM013,41
2025-09-21,ITM013,60
2025-09-22,ITM013,59
2025-09-23,ITM013,44
2025-09-24,ITM013,41
2025-09-25,ITM013,50
2025-09-26,ITM013,48
2025-09-27,ITM013,50
2025-09-28,ITM013,53
2025-09-29,ITM013,45
2025-09-30,ITM013,59
2025-10-01,ITM013,48
2025-10-02,ITM013,55
2025-10-03,ITM013,51
2025-10-04,ITM013,47
2025-10-05,ITM013,63
2025-10-06,ITM013,51
2025-10-07,ITM013,49
2025-10-08,ITM013,62
2025-10-09,ITM013,56
2025-10-10,ITM013,43
2025-10-11,ITM013,50
2025-10-12,ITM013,59
2025-10-13,ITM013,38
2025-10-14,ITM013,49
2025-10-15,ITM013,49
2025-10-16,ITM013,57
2025-10-17,ITM013,49
2025-10-18,ITM013,48
2025-10-19,ITM013,45
2025-10-20,ITM013,51
2025-10-21,ITM013,47
2025-10-22,ITM013,38
2025-10-23,ITM013,45
2025-10-24,ITM013,44
2025-10-25,ITM013,49
2025-10-26,ITM013,53
2025-10-27,ITM013,39
2025-10-28,ITM013,44
2025-10-29,ITM013,48
2025-10-30,ITM013,45
2025-10-31,ITM013,66
2025-11-01,ITM013,43
2025-11-02,ITM013,33
2025-11-03,ITM013,57
2025-11-04,ITM013,58
2025-11-05,ITM013,38
2025-11-06,ITM013,52
2025-11-07,ITM013,42
2025-11-08,ITM013,53
2025-11-09,ITM013,35
2025-11-10,ITM013,41
2025-11-11,ITM013,40
2025-11-12,ITM013,53
2025-11-13,ITM013,40
2025-11-14,ITM013,46
2025-11-15,ITM013,52
2025-11-16,ITM013,62
2025-11-17,ITM013,33
2025-11-18,ITM013,56
2025-11-19,ITM013,50
2025-11-20,ITM013,56
2025-11-21,ITM013,57
2025-11-22,ITM013,44
2025-11-23,ITM013,39
2025-11-24,ITM013,48
2025-11-25,ITM013,40
2025-11-26,ITM013,43
2025-11-27,ITM013,57
2025-11-28,ITM013,59
2025-11-29,ITM013,49
2025-11-30,ITM013,60
2025-12-01,ITM013,38
2025-12-02,ITM013,49
2025-12-03,ITM013,57
2025-12-04,ITM013,52
2025-12-05,ITM013,48
2025-12-06,ITM013,48
2025-12-07,ITM013,40
2025-12-08,ITM013,51
2025-12-09,ITM013,50
2025-12-10,ITM013,70
2025-12-11,ITM013,50
2025-12-12,ITM013,42
2025-12-13,ITM013,42
2025-12-14,ITM013,53
2025-12-15,ITM013,53
2025-12-16,ITM013,42
2025-12-17,ITM013,40
2025-12-18,ITM013,64
2025-12-19,ITM013,34
2025-12-20,ITM013,40
2025-12-21,ITM013,49
2025-12-22,ITM013,54
2025-12-23,ITM013,49
2025-12-24,ITM013,46
2025-12-25,ITM013,48
2025-12-26,ITM013,40
2025-12-27,ITM013,50
2025-12-28,ITM013,64
2025-12-29,ITM013,43
2025-12-30,ITM013,49
2025-12-31,ITM013,55
2026-01-01,ITM013,68
2026-01-02,ITM013,56
2026-01-03,ITM013,56
2026-01-04,ITM013,53
2026-01-05,ITM013,45
2026-01-06,ITM013,40
2026-01-07,ITM013,49
2026-01-08,ITM013,56
2026-01-09,ITM013,45
2026-01-10,ITM013,49
2026-01-11,ITM013,44
2026-01-12,ITM013,57
2026-01-13,ITM013,52
2026-01-14,ITM013,55
2026-01-15,ITM013,55
2026-01-16,ITM013,53
2026-01-17,ITM013,49
2026-01-18,ITM013,39
2026-01-19,ITM013,47
2026-01-20,ITM013,52
2026-01-21,ITM013,43
2026-01-22,ITM013,47
2026-01-23,ITM013,40
2026-01-24,ITM013,49
2026-01-25,ITM013,59
2026-01-26,ITM013,46
2026-01-27,ITM013,70
2026-01-28,ITM013,46
2026-01-29,ITM013,66
2026-01-30,ITM013,38
2026-01-31,ITM013,49
2026-02-01,ITM013,45
2026-02-02,ITM013,65
2026-02-03,ITM013,56
2026-02-04,ITM013,57
2026-02-05,ITM013,46
2026-02-06,ITM013,37
2026-02-07,ITM013,57
2025-08-12,ITM014,25
2025-08-13,ITM014,31
2025-08-14,ITM014,31
2025-08-15,ITM014,32
2025-08-16,ITM014,38
2025-08-17,ITM014,30
2025-08-18,ITM014,26
2025-08-19,ITM014,33
2025-08-20,ITM014,30
2025-08-21,ITM014,23
2025-08-22,ITM014,30
2025-08-23,ITM014,27
2025-08-24,ITM014,27
2025-08-25,ITM014,36
2025-08-26,ITM014,33
2025-08-27,ITM014,37
2025-08-28,ITM014,22
2025-08-29,ITM014,33
2025-08-30,ITM014,34
2025-08-31,ITM014,32
2025-09-01,ITM014,20
2025-09-02,ITM014,26
2025-09-03,ITM014,33
2025-09-04,ITM014,39
2025-09-05,ITM014,23
2025-09-06,ITM014,32
2025-09-07,ITM014,29
2025-09-08,ITM014,31
2025-09-09,ITM014,30
2025-09-10,ITM014,29
2025-09-11,ITM014,23
2025-09-12,ITM014,25
2025-09-13,ITM014,28
2025-09-14,ITM014,29
2025-09-15,ITM014,30
2025-09-16,ITM014,18
2025-09-17,ITM014,37
2025-09-18,ITM014,41
2025-09-19,ITM014,32
2025-09-20,ITM014,26
2025-09-21,ITM014,32
2025-09-22,ITM014,31
2025-09-23,ITM014,25
2025-09-24,ITM014,23
2025-09-25,ITM014,29
2025-09-26,ITM014,34
2025-09-27,ITM014,28
2025-09-28,ITM014,26
2025-09-29,ITM014,31
2025-09-30,ITM014,30
2025-10-01,ITM014,27
2025-10-02,ITM014,24
2025-10-03,ITM014,34
2025-10-04,ITM014,36
2025-10-05,ITM014,22
2025-10-06,ITM014,23
2025-10-07,ITM014,26
2025-10-08,ITM014,36
2025-10-09,ITM014,24
2025-10-10,ITM014,34
2025-10-11,ITM014,31
2025-10-12,ITM014,35
2025-10-13,ITM014,25
2025-10-14,ITM014,28
2025-10-15,ITM014,28
2025-10-16,ITM014,36
2025-10-17,ITM014,35
2025-10-18,ITM014,27
2025-10-19,ITM014,33
2025-10-20,ITM014,36
2025-10-21,ITM014,33
2025-10-22,ITM014,30
2025-10-23,ITM014,30
2025-10-24,ITM014,27
2025-10-25,ITM014,27
2025-10-26,ITM014,31
2025-10-27,ITM014,35
2025-10-28,ITM014,28
2025-10-29,ITM014,24
2025-10-30,ITM014,28
2025-10-31,ITM014,32
2025-11-01,ITM014,28
2025-11-02,ITM014,29
2025-11-03,ITM014,28
2025-11-04,ITM014,27
2025-11-05,ITM014,25
2025-11-06,ITM014,32
2025-11-07,ITM014,25
2025-11-08,ITM014,33
2025-11-09,ITM014,28
2025-11-10,ITM014,27
2025-11-11,ITM014,30
2025-11-12,ITM014,33
2025-11-13,ITM014,24
2025-11-14,ITM014,29
2025-11-15,ITM014,30
2025-11-16,ITM014,35
2025-11-17,ITM014,28
2025-11-18,ITM014,34
2025-11-19,ITM014,33
2025-11-20,ITM014,35
2025-11-21,ITM014,32
2025-11-22,ITM014,34
2025-11-23,ITM014,31
2025-11-24,ITM014,26
2025-11-25,ITM014,31
2025-11-26,ITM014,26
2025-11-27,ITM014,30
2025-11-28,ITM014,31
2025-11-29,ITM014,29
2025-11-30,ITM014,17
2025-12-01,ITM014,31
2025-12-02,ITM014,36
2025-12-03,ITM014,29
2025-12-04,ITM014,35
2025-12-05,ITM014,34
2025-12-06,ITM014,27
2025-12-07,ITM014,30
2025-12-08,ITM014,20
2025-12-09,ITM014,20
2025-12-10,ITM014,36
2025-12-11,ITM014,28
2025-12-12,ITM014,25
2025-12-13,ITM014,38
2025-12-14,ITM014,31
2025-12-15,ITM014,35
2025-12-16,ITM014,30
2025-12-17,ITM014,29
2025-12-18,ITM014,21
2025-12-19,ITM014,32
2025-12-20,ITM014,20
2025-12-21,ITM014,33
2025-12-22,ITM014,24
2025-12-23,ITM014,36
2025-12-24,ITM014,28
2025-12-25,ITM014,42
2025-12-26,ITM014,34
2025-12-27,ITM014,33
2025-12-28,ITM014,25
2025-12-29,ITM014,26
2025-12-30,ITM014,29
2025-12-31,ITM014,25
2026-01-01,ITM014,30
2026-01-02,ITM014,35
2026-01-03,ITM014,26
2026-01-04,ITM014,31
2026-01-05,ITM014,25
2026-01-06,ITM014,31
2026-01-07,ITM014,29
2026-01-08,ITM014,33
2026-01-09,ITM014,26
2026-01-10,ITM014,30
2026-01-11,ITM014,32
2026-01-12,ITM014,26
2026-01-13,ITM014,39
2026-01-14,ITM014,32
2026-01-15,ITM014,36
2026-01-16,ITM014,22
2026-01-17,ITM014,36
2026-01-18,ITM014,27
2026-01-19,ITM014,23
2026-01-20,ITM014,35
2026-01-21,ITM014,27
2026-01-22,ITM014,32
2026-01-23,ITM014,31
2026-01-24,ITM014,30
2026-01-25,ITM014,26
2026-01-26,ITM014,24
2026-01-27,ITM014,38
2026-01-28,ITM014,24
2026-01-29,ITM014,31
2026-01-30,ITM014,35
2026-01-31,ITM014,30
2026-02-01,ITM014,32
2026-02-02,ITM014,30
2026-02-03,ITM014,34
2026-02-04,ITM014,30
2026-02-05,ITM014,34
2026-02-06,ITM014,28
2026-02-07,ITM014,24
2025-08-12,ITM015,25
2025-08-13,ITM015,38
2025-08-14,ITM015,26
2025-08-15,ITM015,23
2025-08-16,ITM015,26
2025-08-17,ITM015,31
2025-08-18,ITM015,30
2025-08-19,ITM015,38
2025-08-20,ITM015,30
2025-08-21,ITM015,32
2025-08-22,ITM015,38
2025-08-23,ITM015,26
2025-08-24,ITM015,28
2025-08-25,ITM015,36
2025-08-26,ITM015,29
2025-08-27,ITM015,32
2025-08-28,ITM015,30
2025-08-29,ITM015,19
2025-08-30,ITM015,34
2025-08-31,ITM015,25
2025-09-01,ITM015,33
2025-09-02,ITM015,28
2025-09-03,ITM015,30
2025-09-04,ITM015,31
2025-09-05,ITM015,27
2025-09-06,ITM015,24
2025-09-07,ITM015,31
2025-09-08,ITM015,33
2025-09-09,ITM015,35
2025-09-10,ITM015,29
2025-09-11,ITM015,32
2025-09-12,ITM015,29
2025-09-13,ITM015,30
2025-09-14,ITM015,33
2025-09-15,ITM015,26
2025-09-16,ITM015,30
2025-09-17,ITM015,29
2025-09-18,ITM015,23
2025-09-19,ITM015,22
2025-09-20,ITM015,35
2025-09-21,ITM015,26
2025-09-22,ITM015,33
2025-09-23,ITM015,24
2025-09-24,ITM015,30
2025-09-25,ITM015,24
2025-09-26,ITM015,36
2025-09-27,ITM015,29
2025-09-28,ITM015,25
2025-09-29,ITM015,28
2025-09-30,ITM015,29
2025-10-01,ITM015,29
2025-10-02,ITM015,34
2025-10-03,ITM015,30
2025-10-04,ITM015,32
2025-10-05,ITM015,39
2025-10-06,ITM015,29
2025-10-07,ITM015,27
2025-10-08,ITM015,32
2025-10-09,ITM015,33
2025-10-10,ITM015,32
2025-10-11,ITM015,28
2025-10-12,ITM015,29
2025-10-13,ITM015,34
2025-10-14,ITM015,26
2025-10-15,ITM015,24
2025-10-16,ITM015,27
2025-10-17,ITM015,28
2025-10-18,ITM015,33
2025-10-19,ITM015,29
2025-10-20,ITM015,26
2025-10-21,ITM015,29
2025-10-22,ITM015,32
2025-10-23,ITM015,27
2025-10-24,ITM015,23
2025-10-25,ITM015,25
2025-10-26,ITM015,35
2025-10-27,ITM015,30
2025-10-28,ITM015,23
2025-10-29,ITM015,30
2025-10-30,ITM015,33
2025-10-31,ITM015,33
2025-11-01,ITM015,29
2025-11-02,ITM015,33
2025-11-03,ITM015,34
2025-11-04,ITM015,30
2025-11-05,ITM015,31
2025-11-06,ITM015,32
2025-11-07,ITM015,29
2025-11-08,ITM015,26
2025-11-09,ITM015,25
2025-11-10,ITM015,28
2025-11-11,ITM015,32
2025-11-12,ITM015,26
2025-11-13,ITM015,25
2025-11-14,ITM015,32
2025-11-15,ITM015,36
2025-11-16,ITM015,32
2025-11-17,ITM015,29
2025-11-18,ITM015,32
2025-11-19,ITM015,26
2025-11-20,ITM015,29
2025-11-21,ITM015,22
2025-11-22,ITM015,26
2025-11-23,ITM015,27
2025-11-24,ITM015,30
2025-11-25,ITM015,21
2025-11-26,ITM015,30
2025-11-27,ITM015,33
2025-11-28,ITM015,28
2025-11-29,ITM015,34
2025-11-30,ITM015,34
2025-12-01,ITM015,39
2025-12-02,ITM015,29
2025-12-03,ITM015,29
2025-12-04,ITM015,27
2025-12-05,ITM015,27
2025-12-06,ITM015,29
2025-12-07,ITM015,37
2025-12-08,ITM015,36
2025-12-09,ITM015,27
2025-12-10,ITM015,29
2025-12-11,ITM015,32
2025-12-12,ITM015,25
2025-12-13,ITM015,32
2025-12-14,ITM015,29
2025-12-15,ITM015,35
2025-12-16,ITM015,38
2025-12-17,ITM015,29
2025-12-18,ITM015,29
2025-12-19,ITM015,37
2025-12-20,ITM015,34
2025-12-21,ITM015,32
2025-12-22,ITM015,27
2025-12-23,ITM015,29
2025-12-24,ITM015,30
2025-12-25,ITM015,32
2025-12-26,ITM015,29
2025-12-27,ITM015,21
2025-12-28,ITM015,25
2025-12-29,ITM015,30
2025-12-30,ITM015,36
2025-12-31,ITM015,21
2026-01-01,ITM015,34
2026-01-02,ITM015,13
2026-01-03,ITM015,25
2026-01-04,ITM015,29
2026-01-05,ITM015,26
2026-01-06,ITM015,33
2026-01-07,ITM015,31
2026-01-08,ITM015,28
2026-01-09,ITM015,26
2026-01-10,ITM015,24
2026-01-11,ITM015,21
2026-01-12,ITM015,31
2026-01-13,ITM015,31
2026-01-14,ITM015,29
2026-01-15,ITM015,25
2026-01-16,ITM015,32
2026-01-17,ITM015,31
2026-01-18,ITM015,27
2026-01-19,ITM015,33
2026-01-20,ITM015,28
2026-01-21,ITM015,31
2026-01-22,ITM015,19
2026-01-23,ITM015,34
2026-01-24,ITM015,40
2026-01-25,ITM015,32
2026-01-26,ITM015,31
2026-01-27,ITM015,29
2026-01-28,ITM015,25
2026-01-29,ITM015,32
2026-01-30,ITM015,37
2026-01-31,ITM015,33
2026-02-01,ITM015,29
2026-02-02,ITM015,34
2026-02-03,ITM015,36
2026-02-04,ITM015,36
2026-02-05,ITM015,26
2026-02-06,ITM015,31
2026-02-07,ITM015,31
2025-08-12,ITM016,88
2025-08-13,ITM016,92
2025-08-14,ITM016,98
2025-08-15,ITM016,76
2025-08-16,ITM016,77
2025-08-17,ITM016,96
2025-08-18,ITM016,105
2025-08-19,ITM016,97
2025-08-20,ITM016,108
2025-08-21,ITM016,98
2025-08-22,ITM016,117
2025-08-23,ITM016,97
2025-08-24,ITM016,107
2025-08-25,ITM016,107
2025-08-26,ITM016,99
2025-08-27,ITM016,104
2025-08-28,ITM016,116
2025-08-29,ITM016,97
2025-08-30,ITM016,106
2025-08-31,ITM016,117
2025-09-01,ITM016,114
2025-09-02,ITM016,97
2025-09-03,ITM016,90
2025-09-04,ITM016,121
2025-09-05,ITM016,118
2025-09-06,ITM016,84
2025-09-07,ITM016,121
2025-09-08,ITM016,88
2025-09-09,ITM016,102
2025-09-10,ITM016,103
2025-09-11,ITM016,107
2025-09-12,ITM016,111
2025-09-13,ITM016,92
2025-09-14,ITM016,86
2025-09-15,ITM016,81
2025-09-16,ITM016,74
2025-09-17,ITM016,94
2025-09-18,ITM016,78
2025-09-19,ITM016,92
2025-09-20,ITM016,82
2025-09-21,ITM016,95
2025-09-22,ITM016,99
2025-09-23,ITM016,125
2025-09-24,ITM016,106
2025-09-25,ITM016,103
2025-09-26,ITM016,87
2025-09-27,ITM016,82
2025-09-28,ITM016,82
2025-09-29,ITM016,96
2025-09-30,ITM016,118
2025-10-01,ITM016,58
2025-10-02,ITM016,107
2025-10-03,ITM016,91
2025-10-04,ITM016,94
2025-10-05,ITM016,109
2025-10-06,ITM016,103
2025-10-07,ITM016,85
2025-10-08,ITM016,86
2025-10-09,ITM016,106
2025-10-10,ITM016,100
2025-10-11,ITM016,85
2025-10-12,ITM016,107
2025-10-13,ITM016,112
2025-10-14,ITM016,109
2025-10-15,ITM016,114
2025-10-16,ITM016,90
2025-10-17,ITM016,80
2025-10-18,ITM016,103
2025-10-19,ITM016,98
2025-10-20,ITM016,107
2025-10-21,ITM016,82
2025-10-22,ITM016,117
2025-10-23,ITM016,105
2025-10-24,ITM016,90
2025-10-25,ITM016,72
2025-10-26,ITM016,106
2025-10-27,ITM016,82
2025-10-28,ITM016,110
2025-10-29,ITM016,113
2025-10-30,ITM016,111
2025-10-31,ITM016,90
2025-11-01,ITM016,101
2025-11-02,ITM016,104
2025-11-03,ITM016,119
2025-11-04,ITM016,91
2025-11-05,ITM016,85
2025-11-06,ITM016,90
2025-11-07,ITM016,99
2025-11-08,ITM016,103
2025-11-09,ITM016,109
2025-11-10,ITM016,69
2025-11-11,ITM016,100
2025-11-12,ITM016,118
2025-11-13,ITM016,107
2025-11-14,ITM016,96
2025-11-15,ITM016,102
2025-11-16,ITM016,125
2025-11-17,ITM016,85
2025-11-18,ITM016,129
2025-11-19,ITM016,104
2025-11-20,ITM016,83
2025-11-21,ITM016,95
2025-11-22,ITM016,121
2025-11-23,ITM016,92
2025-11-24,ITM016,104
2025-11-25,ITM016,116
2025-11-26,ITM016,92
2025-11-27,ITM016,113
2025-11-28,ITM016,91
2025-11-29,ITM016,108
2025-11-30,ITM016,104
2025-12-01,ITM016,105
2025-12-02,ITM016,98
2025-12-03,ITM016,115
2025-12-04,ITM016,108
2025-12-05,ITM016,127
2025-12-06,ITM016,80
2025-12-07,ITM016,104
2025-12-08,ITM016,80
2025-12-09,ITM016,79
2025-12-10,ITM016,99
2025-12-11,ITM016,96
2025-12-12,ITM016,121
2025-12-13,ITM016,103
2025-12-14,ITM016,111
2025-12-15,ITM016,104
2025-12-16,ITM016,112
2025-12-17,ITM016,107
2025-12-18,ITM016,94
2025-12-19,ITM016,136
2025-12-20,ITM016,128
2025-12-21,ITM016,76
2025-12-22,ITM016,90
2025-12-23,ITM016,114
2025-12-24,ITM016,110
2025-12-25,ITM016,99
2025-12-26,ITM016,105
2025-12-27,ITM016,82
2025-12-28,ITM016,97
2025-12-29,ITM016,93
2025-12-30,ITM016,93
2025-12-31,ITM016,87
2026-01-01,ITM016,124
2026-01-02,ITM016,115
2026-01-03,ITM016,110
2026-01-04,ITM016,74
2026-01-05,ITM016,93
2026-01-06,ITM016,76
2026-01-07,ITM016,130
2026-01-08,ITM016,111
2026-01-09,ITM016,89
2026-01-10,ITM016,93
2026-01-11,ITM016,95
2026-01-12,ITM016,103
2026-01-13,ITM016,109
2026-01-14,ITM016,106
2026-01-15,ITM016,87
2026-01-16,ITM016,86
2026-01-17,ITM016,78
2026-01-18,ITM016,86
2026-01-19,ITM016,109
2026-01-20,ITM016,90
2026-01-21,ITM016,105
2026-01-22,ITM016,95
2026-01-23,ITM016,134
2026-01-24,ITM016,118
2026-01-25,ITM016,107
2026-01-26,ITM016,107
2026-01-27,ITM016,79
2026-01-28,ITM016,81
2026-01-29,ITM016,86
2026-01-30,ITM016,80
2026-01-31,ITM016,111
2026-02-01,ITM016,86
2026-02-02,ITM016,110
2026-02-03,ITM016,115
2026-02-04,ITM016,109
2026-02-05,ITM016,102
2026-02-06,ITM016,102
2026-02-07,ITM016,125
2025-08-12,ITM017,22
2025-08-13,ITM017,27
2025-08-14,ITM017,29
2025-08-15,ITM017,29
2025-08-16,ITM017,27
2025-08-17,ITM017,29
2025-08-18,ITM017,22
2025-08-19,ITM017,18
2025-08-20,ITM017,29
2025-08-21,ITM017,33
2025-08-22,ITM017,29
2025-08-23,ITM017,28
2025-08-24,ITM017,26
2025-08-25,ITM017,24
2025-08-26,ITM017,30
2025-08-27,ITM017,26
2025-08-28,ITM017,32
2025-08-29,ITM017,22
2025-08-30,ITM017,22
2025-08-31,ITM017,27
2025-09-01,ITM017,33
2025-09-02,ITM017,34
2025-09-03,ITM017,30
2025-09-04,ITM017,27
2025-09-05,ITM017,20
2025-09-06,ITM017,29
2025-09-07,ITM017,29
2025-09-08,ITM017,35
2025-09-09,ITM017,24
2025-09-10,ITM017,26
2025-09-11,ITM017,35
2025-09-12,ITM017,25
2025-09-13,ITM017,35
2025-09-14,ITM017,34
2025-09-15,ITM017,26
2025-09-16,ITM017,26
2025-09-17,ITM017,28
2025-09-18,ITM017,38
2025-09-19,ITM017,27
2025-09-20,ITM017,27
2025-09-21,ITM017,26
2025-09-22,ITM017,26
2025-09-23,ITM017,29
2025-09-24,ITM017,33
2025-09-25,ITM017,24
2025-09-26,ITM017,32
2025-09-27,ITM017,31
2025-09-28,ITM017,29
2025-09-29,ITM017,32
2025-09-30,ITM017,30
2025-10-01,ITM017,34
2025-10-02,ITM017,30
2025-10-03,ITM017,34
2025-10-04,ITM017,22
2025-10-05,ITM017,33
2025-10-06,ITM017,37
2025-10-07,ITM017,25
2025-10-08,ITM017,29
2025-10-09,ITM017,35
2025-10-10,ITM017,35
2025-10-11,ITM017,39
2025-10-12,ITM017,33
2025-10-13,ITM017,34
2025-10-14,ITM017,28
2025-10-15,ITM017,34
2025-10-16,ITM017,25
2025-10-17,ITM017,36
2025-10-18,ITM017,41
2025-10-19,ITM017,32
2025-10-20,ITM017,22
2025-10-21,ITM017,34
2025-10-22,ITM017,28
2025-10-23,ITM017,33
2025-10-24,ITM017,24
2025-10-25,ITM017,24
2025-10-26,ITM017,25
2025-10-27,ITM017,23
2025-10-28,ITM017,28
2025-10-29,ITM017,34
2025-10-30,ITM017,32
2025-10-31,ITM017,25
2025-11-01,ITM017,26
2025-11-02,ITM017,29
2025-11-03,ITM017,29
2025-11-04,ITM017,24
2025-11-05,ITM017,25
2025-11-06,ITM017,28
2025-11-07,ITM017,30
2025-11-08,ITM017,33
2025-11-09,ITM017,25
2025-11-10,ITM017,36
2025-11-11,ITM017,38
2025-11-12,ITM017,27
2025-11-13,ITM017,31
2025-11-14,ITM017,36
2025-11-15,ITM017,26
2025-11-16,ITM017,27
2025-11-17,ITM017,20
2025-11-18,ITM017,32
2025-11-19,ITM017,34
2025-11-20,ITM017,28
2025-11-21,ITM017,32
2025-11-22,ITM017,24
2025-11-23,ITM017,25
2025-11-24,ITM017,35
2025-11-25,ITM017,21
2025-11-26,ITM017,30
2025-11-27,ITM017,25
2025-11-28,ITM017,33
2025-11-29,ITM017,21
2025-11-30,ITM017,27
2025-12-01,ITM017,38
2025-12-02,ITM017,28
2025-12-03,ITM017,26
2025-12-04,ITM017,26
2025-12-05,ITM017,27
2025-12-06,ITM017,29
2025-12-07,ITM017,34
2025-12-08,ITM017,31
2025-12-09,ITM017,29
2025-12-10,ITM017,30
2025-12-11,ITM017,25
2025-12-12,ITM017,26
2025-12-13,ITM017,34
2025-12-14,ITM017,24
2025-12-15,ITM017,28
2025-12-16,ITM017,32
2025-12-17,ITM017,35
2025-12-18,ITM017,35
2025-12-19,ITM017,27
2025-12-20,ITM017,29
2025-12-21,ITM017,24
2025-12-22,ITM017,28
2025-12-23,ITM017,37
2025-12-24,ITM017,24
2025-12-25,ITM017,26
2025-12-26,ITM017,29
2025-12-27,ITM017,35
2025-12-28,ITM017,31
2025-12-29,ITM017,29
2025-12-30,ITM017,34
2025-12-31,ITM017,36
2026-01-01,ITM017,36
2026-01-02,ITM017,37
2026-01-03,ITM017,31
2026-01-04,ITM017,27
2026-01-05,ITM017,33
2026-01-06,ITM017,39
2026-01-07,ITM017,35
2026-01-08,ITM017,28
2026-01-09,ITM017,19
2026-01-10,ITM017,30
2026-01-11,ITM017,24
2026-01-12,ITM017,29
2026-01-13,ITM017,27
2026-01-14,ITM017,29
2026-01-15,ITM017,21
2026-01-16,ITM017,30
2026-01-17,ITM017,39
2026-01-18,ITM017,38
2026-01-19,ITM017,29
2026-01-20,ITM017,22
2026-01-21,ITM017,29
2026-01-22,ITM017,31
2026-01-23,ITM017,28
2026-01-24,ITM017,25
2026-01-25,ITM017,29
2026-01-26,ITM017,23
2026-01-27,ITM017,35
2026-01-28,ITM017,29
2026-01-29,ITM017,35
2026-01-30,ITM017,32
2026-01-31,ITM017,29
2026-02-01,ITM017,29
2026-02-02,ITM017,31
2026-02-03,ITM017,27
2026-02-04,ITM017,29
2026-02-05,ITM017,31
2026-02-06,ITM017,25
2026-02-07,ITM017,31
2025-08-12,ITM018,103
2025-08-13,ITM018,106
2025-08-14,ITM018,102
2025-08-15,ITM018,99
2025-08-16,ITM018,109
2025-08-17,ITM018,121
2025-08-18,ITM018,133
2025-08-19,ITM018,105
2025-08-20,ITM018,113
2025-08-21,ITM018,88
2025-08-22,ITM018,83
2025-08-23,ITM018,120
2025-08-24,ITM018,123
2025-08-25,ITM018,71
2025-08-26,ITM018,117
2025-08-27,ITM018,112
2025-08-28,ITM018,102
2025-08-29,ITM018,107
2025-08-30,ITM018,102
2025-08-31,ITM018,100
2025-09-01,ITM018,113
2025-09-02,ITM018,120
2025-09-03,ITM018,88
2025-09-04,ITM018,104
2025-09-05,ITM018,97
2025-09-06,ITM018,101
2025-09-07,ITM018,108
2025-09-08,ITM018,106
2025-09-09,ITM018,92
2025-09-10,ITM018,97
2025-09-11,ITM018,133
2025-09-12,ITM018,97
2025-09-13,ITM018,88
2025-09-14,ITM018,142
2025-09-15,ITM018,84
2025-09-16,ITM018,127
2025-09-17,ITM018,90
2025-09-18,ITM018,121
2025-09-19,ITM018,128
2025-09-20,ITM018,96
2025-09-21,ITM018,120
2025-09-22,ITM018,104
2025-09-23,ITM018,84
2025-09-24,ITM018,96
2025-09-25,ITM018,139
2025-09-26,ITM018,84
2025-09-27,ITM018,69
2025-09-28,ITM018,123
2025-09-29,ITM018,86
2025-09-30,ITM018,84
2025-10-01,ITM018,99
2025-10-02,ITM018,95
2025-10-03,ITM018,115
2025-10-04,ITM018,101
2025-10-05,ITM018,90
2025-10-06,ITM018,126
2025-10-07,ITM018,108
2025-10-08,ITM018,109
2025-10-09,ITM018,114
2025-10-10,ITM018,97
2025-10-11,ITM018,86
2025-10-12,ITM018,89
2025-10-13,ITM018,127
2025-10-14,ITM018,122
2025-10-15,ITM018,107
2025-10-16,ITM018,115
2025-10-17,ITM018,120
2025-10-18,ITM018,102
2025-10-19,ITM018,103
2025-10-20,ITM018,88
2025-10-21,ITM018,103
2025-10-22,ITM018,97
2025-10-23,ITM018,75
2025-10-24,ITM018,108
2025-10-25,ITM018,77
2025-10-26,ITM018,98
2025-10-27,ITM018,98
2025-10-28,ITM018,85
2025-10-29,ITM018,113
2025-10-30,ITM018,86
2025-10-31,ITM018,85
2025-11-01,ITM018,93
2025-11-02,ITM018,116
2025-11-03,ITM018,96
2025-11-04,ITM018,69
2025-11-05,ITM018,82
2025-11-06,ITM018,85
2025-11-07,ITM018,116
2025-11-08,ITM018,107
2025-11-09,ITM018,103
2025-11-10,ITM018,82
2025-11-11,ITM018,99
2025-11-12,ITM018,99
2025-11-13,ITM018,106
2025-11-14,ITM018,101
2025-11-15,ITM018,105
2025-11-16,ITM018,115
2025-11-17,ITM018,122
2025-11-18,ITM018,106
2025-11-19,ITM018,106
2025-11-20,ITM018,121
2025-11-21,ITM018,107
2025-11-22,ITM018,116
2025-11-23,ITM018,88
2025-11-24,ITM018,90
2025-11-25,ITM018,97
2025-11-26,ITM018,97
2025-11-27,ITM018,121
2025-11-28,ITM018,98
2025-11-29,ITM018,107
2025-11-30,ITM018,114
2025-12-01,ITM018,122
2025-12-02,ITM018,90
2025-12-03,ITM018,78
2025-12-04,ITM018,93
2025-12-05,ITM018,103
2025-12-06,ITM018,118
2025-12-07,ITM018,81
2025-12-08,ITM018,129
2025-12-09,ITM018,109
2025-12-10,ITM018,111
2025-12-11,ITM018,107
2025-12-12,ITM018,120
2025-12-13,ITM018,102
2025-12-14,ITM018,88
2025-12-15,ITM018,101
2025-12-16,ITM018,96
2025-12-17,ITM018,81
2025-12-18,ITM018,102
2025-12-19,ITM018,97
2025-12-20,ITM018,92
2025-12-21,ITM018,91
2025-12-22,ITM018,86
2025-12-23,ITM018,78
2025-12-24,ITM018,90
2025-12-25,ITM018,104
2025-12-26,ITM018,95
2025-12-27,ITM018,91
2025-12-28,ITM018,97
2025-12-29,ITM018,118
2025-12-30,ITM018,99
2025-12-31,ITM018,76
2026-01-01,ITM018,80
2026-01-02,ITM018,97
2026-01-03,ITM018,80
2026-01-04,ITM018,93
2026-01-05,ITM018,131
2026-01-06,ITM018,110
2026-01-07,ITM018,109
2026-01-08,ITM018,110
2026-01-09,ITM018,71
2026-01-10,ITM018,83
2026-01-11,ITM018,109
2026-01-12,ITM018,124
2026-01-13,ITM018,63
2026-01-14,ITM018,84
2026-01-15,ITM018,80
2026-01-16,ITM018,86
2026-01-17,ITM018,65
2026-01-18,ITM018,110
2026-01-19,ITM018,122
2026-01-20,ITM018,128
2026-01-21,ITM018,109
2026-01-22,ITM018,80
2026-01-23,ITM018,92
2026-01-24,ITM018,91
2026-01-25,ITM018,102
2026-01-26,ITM018,96
2026-01-27,ITM018,80
2026-01-28,ITM018,104
2026-01-29,ITM018,90
2026-01-30,ITM018,97
2026-01-31,ITM018,100
2026-02-01,ITM018,93
2026-02-02,ITM018,79
2026-02-03,ITM018,80
2026-02-04,ITM018,107
2026-02-05,ITM018,94
2026-02-06,ITM018,112
2026-02-07,ITM018,87
2025-08-12,ITM019,55
2025-08-13,ITM019,49
2025-08-14,ITM019,54
2025-08-15,ITM019,52
2025-08-16,ITM019,49
2025-08-17,ITM019,52
2025-08-18,ITM019,47
2025-08-19,ITM019,49
2025-08-20,ITM019,50
2025-08-21,ITM019,48
2025-08-22,ITM019,59
2025-08-23,ITM019,62
2025-08-24,ITM019,40
2025-08-25,ITM019,55
2025-08-26,ITM019,63
2025-08-27,ITM019,44
2025-08-28,ITM019,46
2025-08-29,ITM019,50
2025-08-30,ITM019,47
2025-08-31,ITM019,71
2025-09-01,ITM019,46
2025-09-02,ITM019,35
2025-09-03,ITM019,33
2025-09-04,ITM019,51
2025-09-05,ITM019,50
2025-09-06,ITM019,53
2025-09-07,ITM019,47
2025-09-08,ITM019,48
2025-09-09,ITM019,52
2025-09-10,ITM019,66
2025-09-11,ITM019,47
2025-09-12,ITM019,72
2025-09-13,ITM019,47
2025-09-14,ITM019,36
2025-09-15,ITM019,54
2025-09-16,ITM019,41
2025-09-17,ITM019,54
2025-09-18,ITM019,33
2025-09-19,ITM019,49
2025-09-20,ITM019,60
2025-09-21,ITM019,63
2025-09-22,ITM019,43
2025-09-23,ITM019,55
2025-09-24,ITM019,52
2025-09-25,ITM019,41
2025-09-26,ITM019,42
2025-09-27,ITM019,66
2025-09-28,ITM019,38
2025-09-29,ITM019,40
2025-09-30,ITM019,61
2025-10-01,ITM019,41
2025-10-02,ITM019,59
2025-10-03,ITM019,65
2025-10-04,ITM019,62
2025-10-05,ITM019,35
2025-10-06,ITM019,42
2025-10-07,ITM019,55
2025-10-08,ITM019,40
2025-10-09,ITM019,49
2025-10-10,ITM019,47
2025-10-11,ITM019,54
2025-10-12,ITM019,61
2025-10-13,ITM019,54
2025-10-14,ITM019,47
2025-10-15,ITM019,44
2025-10-16,ITM019,44
2025-10-17,ITM019,54
2025-10-18,ITM019,65
2025-10-19,ITM019,49
2025-10-20,ITM019,38
2025-10-21,ITM019,32
2025-10-22,ITM019,57
2025-10-23,ITM019,51
2025-10-24,ITM019,59
2025-10-25,ITM019,52
2025-10-26,ITM019,54
2025-10-27,ITM019,56
2025-10-28,ITM019,51
2025-10-29,ITM019,42
2025-10-30,ITM019,47
2025-10-31,ITM019,51
2025-11-01,ITM019,50
2025-11-02,ITM019,56
2025-11-03,ITM019,53
2025-11-04,ITM019,47
2025-11-05,ITM019,50
2025-11-06,ITM019,63
2025-11-07,ITM019,47
2025-11-08,ITM019,50
2025-11-09,ITM019,59
2025-11-10,ITM019,51
2025-11-11,ITM019,42
2025-11-12,ITM019,52
2025-11-13,ITM019,56
2025-11-14,ITM019,57
2025-11-15,ITM019,47
2025-11-16,ITM019,47
2025-11-17,ITM019,42
2025-11-18,ITM019,54
2025-11-19,ITM019,59
2025-11-20,ITM019,57
2025-11-21,ITM019,59
2025-11-22,ITM019,47
2025-11-23,ITM019,43
2025-11-24,ITM019,44
2025-11-25,ITM019,37
2025-11-26,ITM019,46
2025-11-27,ITM019,49
2025-11-28,ITM019,45
2025-11-29,ITM019,52
2025-11-30,ITM019,52
2025-12-01,ITM019,48
2025-12-02,ITM019,50
2025-12-03,ITM019,44
2025-12-04,ITM019,57
2025-12-05,ITM019,35
2025-12-06,ITM019,60
2025-12-07,ITM019,54
2025-12-08,ITM019,47
2025-12-09,ITM019,44
2025-12-10,ITM019,56
2025-12-11,ITM019,44
2025-12-12,ITM019,39
2025-12-13,ITM019,69
2025-12-14,ITM019,49
2025-12-15,ITM019,37
2025-12-16,ITM019,58
2025-12-17,ITM019,38
2025-12-18,ITM019,56
2025-12-19,ITM019,49
2025-12-20,ITM019,44
2025-12-21,ITM019,45
2025-12-22,ITM019,61
2025-12-23,ITM019,64
2025-12-24,ITM019,49
2025-12-25,ITM019,34
2025-12-26,ITM019,39
2025-12-27,ITM019,56
2025-12-28,ITM019,54
2025-12-29,ITM019,36
2025-12-30,ITM019,57
2025-12-31,ITM019,55
2026-01-01,ITM019,57
2026-01-02,ITM019,48
2026-01-03,ITM019,52
2026-01-04,ITM019,52
2026-01-05,ITM019,59
2026-01-06,ITM019,49
2026-01-07,ITM019,48
2026-01-08,ITM019,39
2026-01-09,ITM019,45
2026-01-10,ITM019,46
2026-01-11,ITM019,61
2026-01-12,ITM019,48
2026-01-13,ITM019,46
2026-01-14,ITM019,50
2026-01-15,ITM019,49
2026-01-16,ITM019,46
2026-01-17,ITM019,39
2026-01-18,ITM019,52
2026-01-19,ITM019,48
2026-01-20,ITM019,55
2026-01-21,ITM019,42
2026-01-22,ITM019,52
2026-01-23,ITM019,52
2026-01-24,ITM019,52
2026-01-25,ITM019,48
2026-01-26,ITM019,64
2026-01-27,ITM019,52
2026-01-28,ITM019,64
2026-01-29,ITM019,34
2026-01-30,ITM019,49
2026-01-31,ITM019,54
2026-02-01,ITM019,59
2026-02-02,ITM019,54
2026-02-03,ITM019,37
2026-02-04,ITM019,52
2026-02-05,ITM019,43
2026-02-06,ITM019,54
2026-02-07,ITM019,51
2025-08-12,ITM020,37
2025-08-13,ITM020,27
2025-08-14,ITM020,23
2025-08-15,ITM020,26
2025-08-16,ITM020,35
2025-08-17,ITM020,25
2025-08-18,ITM020,33
2025-08-19,ITM020,25
2025-08-20,ITM020,32
2025-08-21,ITM020,37
2025-08-22,ITM020,27
2025-08-23,ITM020,26
2025-08-24,ITM020,32
2025-08-25,ITM020,29
2025-08-26,ITM020,30
2025-08-27,ITM020,27
2025-08-28,ITM020,27
2025-08-29,ITM020,32
2025-08-30,ITM020,33
2025-08-31,ITM020,21
2025-09-01,ITM020,23
2025-09-02,ITM020,22
2025-09-03,ITM020,22
2025-09-04,ITM020,26
2025-09-05,ITM020,24
2025-09-06,ITM020,27
2025-09-07,ITM020,28
2025-09-08,ITM020,36
2025-09-09,ITM020,27
2025-09-10,ITM020,23
2025-09-11,ITM020,31
2025-09-12,ITM020,34
2025-09-13,ITM020,26
2025-09-14,ITM020,34
2025-09-15,ITM020,32
2025-09-16,ITM020,25
2025-09-17,ITM020,21
2025-09-18,ITM020,23
2025-09-19,ITM020,36
2025-09-20,ITM020,26
2025-09-21,ITM020,36
2025-09-22,ITM020,21
2025-09-23,ITM020,31
2025-09-24,ITM020,28
2025-09-25,ITM020,31
2025-09-26,ITM020,28
2025-09-27,ITM020,22
2025-09-28,ITM020,29
2025-09-29,ITM020,30
2025-09-30,ITM020,29
2025-10-01,ITM020,29
2025-10-02,ITM020,31
2025-10-03,ITM020,32
2025-10-04,ITM020,32
2025-10-05,ITM020,33
2025-10-06,ITM020,25
2025-10-07,ITM020,29
2025-10-08,ITM020,25
2025-10-09,ITM020,24
2025-10-10,ITM020,25
2025-10-11,ITM020,34
2025-10-12,ITM020,31
2025-10-13,ITM020,36
2025-10-14,ITM020,32
2025-10-15,ITM020,38
2025-10-16,ITM020,32
2025-10-17,ITM020,28
2025-10-18,ITM020,32
2025-10-19,ITM020,33
2025-10-20,ITM020,22
2025-10-21,ITM020,26
2025-10-22,ITM020,24
2025-10-23,ITM020,26
2025-10-24,ITM020,29
2025-10-25,ITM020,25
2025-10-26,ITM020,31
2025-10-27,ITM020,26
2025-10-28,ITM020,29
2025-10-29,ITM020,30
2025-10-30,ITM020,31
2025-10-31,ITM020,35
2025-11-01,ITM020,31
2025-11-02,ITM020,27
2025-11-03,ITM020,27
2025-11-04,ITM020,26
2025-11-05,ITM020,27
2025-11-06,ITM020,29
2025-11-07,ITM020,33
2025-11-08,ITM020,29
2025-11-09,ITM020,35
2025-11-10,ITM020,36
2025-11-11,ITM020,30
2025-11-12,ITM020,24
2025-11-13,ITM020,34
2025-11-14,ITM020,33
2025-11-15,ITM020,29
2025-11-16,ITM020,22
2025-11-17,ITM020,22
2025-11-18,ITM020,27
2025-11-19,ITM020,36
2025-11-20,ITM020,32
2025-11-21,ITM020,34
2025-11-22,ITM020,24
2025-11-23,ITM020,28
2025-11-24,ITM020,24
2025-11-25,ITM020,28
2025-11-26,ITM020,31
2025-11-27,ITM020,39
2025-11-28,ITM020,33
2025-11-29,ITM020,30
2025-11-30,ITM020,29
2025-12-01,ITM020,31
2025-12-02,ITM020,36
2025-12-03,ITM020,32
2025-12-04,ITM020,23
2025-12-05,ITM020,35
2025-12-06,ITM020,34
2025-12-07,ITM020,31
2025-12-08,ITM020,27
2025-12-09,ITM020,34
2025-12-10,ITM020,22
2025-12-11,ITM020,28
2025-12-12,ITM020,32
2025-12-13,ITM020,36
2025-12-14,ITM020,23
2025-12-15,ITM020,35
2025-12-16,ITM020,32
2025-12-17,ITM020,27
2025-12-18,ITM020,39
2025-12-19,ITM020,28
2025-12-20,ITM020,32
2025-12-21,ITM020,25
2025-12-22,ITM020,35
2025-12-23,ITM020,33
2025-12-24,ITM020,28
2025-12-25,ITM020,29
2025-12-26,ITM020,33
2025-12-27,ITM020,28
2025-12-28,ITM020,25
2025-12-29,ITM020,31
2025-12-30,ITM020,36
2025-12-31,ITM020,24
2026-01-01,ITM020,23
2026-01-02,ITM020,25
2026-01-03,ITM020,25
2026-01-04,ITM020,35
2026-01-05,ITM020,24
2026-01-06,ITM020,34
2026-01-07,ITM020,35
2026-01-08,ITM020,36
2026-01-09,ITM020,30
2026-01-10,ITM020,21
2026-01-11,ITM020,30
2026-01-12,ITM020,26
2026-01-13,ITM020,27
2026-01-14,ITM020,34
2026-01-15,ITM020,29
2026-01-16,ITM020,31
2026-01-17,ITM020,28
2026-01-18,ITM020,21
2026-01-19,ITM020,27
2026-01-20,ITM020,30
2026-01-21,ITM020,31
2026-01-22,ITM020,28
2026-01-23,ITM020,27
2026-01-24,ITM020,32
2026-01-25,ITM020,32
2026-01-26,ITM020,25
2026-01-27,ITM020,21
2026-01-28,ITM020,28
2026-01-29,ITM020,28
2026-01-30,ITM020,34
2026-01-31,ITM020,26
2026-02-01,ITM020,35
2026-02-02,ITM020,29
2026-02-03,ITM020,31
2026-02-04,ITM020,31
2026-02-05,ITM020,21
2026-02-06,ITM020,38
2026-02-07,ITM020,32
